-- MySQL dump 10.13  Distrib 5.7.27, for osx10.13 (x86_64)
--
-- Host: localhost    Database: siestaNbrekkie
-- ------------------------------------------------------
-- Server version	5.7.27

/*!40101 SET @OLD_CHARACTER_SET_CLIENT=@@CHARACTER_SET_CLIENT */;
/*!40101 SET @OLD_CHARACTER_SET_RESULTS=@@CHARACTER_SET_RESULTS */;
/*!40101 SET @OLD_COLLATION_CONNECTION=@@COLLATION_CONNECTION */;
/*!40101 SET NAMES utf8 */;
/*!40103 SET @OLD_TIME_ZONE=@@TIME_ZONE */;
/*!40103 SET TIME_ZONE='+00:00' */;
/*!40014 SET @OLD_UNIQUE_CHECKS=@@UNIQUE_CHECKS, UNIQUE_CHECKS=0 */;
/*!40014 SET @OLD_FOREIGN_KEY_CHECKS=@@FOREIGN_KEY_CHECKS, FOREIGN_KEY_CHECKS=0 */;
/*!40101 SET @OLD_SQL_MODE=@@SQL_MODE, SQL_MODE='NO_AUTO_VALUE_ON_ZERO' */;
/*!40111 SET @OLD_SQL_NOTES=@@SQL_NOTES, SQL_NOTES=0 */;

--
-- Table structure for table `Bedrooms`
--

DROP TABLE IF EXISTS `Bedrooms`;
/*!40101 SET @saved_cs_client     = @@character_set_client */;
/*!40101 SET character_set_client = utf8 */;
CREATE TABLE `Bedrooms` (
  `id` int(11) NOT NULL AUTO_INCREMENT,
  `numBeds` int(11) DEFAULT NULL,
  `bedType` varchar(255) DEFAULT NULL,
  `listing_id` int(11) NOT NULL,
  PRIMARY KEY (`id`),
  KEY `listing_id` (`listing_id`),
  CONSTRAINT `bedrooms_ibfk_1` FOREIGN KEY (`listing_id`) REFERENCES `Listings` (`id`)
) ENGINE=InnoDB AUTO_INCREMENT=394 DEFAULT CHARSET=utf8;
/*!40101 SET character_set_client = @saved_cs_client */;

--
-- Dumping data for table `Bedrooms`
--

LOCK TABLES `Bedrooms` WRITE;
/*!40000 ALTER TABLE `Bedrooms` DISABLE KEYS */;
INSERT INTO `Bedrooms` VALUES (1,2,'single',1),(2,2,'single',2),(3,1,'double',3),(4,1,'single',3),(5,1,'double',3),(6,1,'single',3),(7,3,'single',3),(8,2,'single',4),(9,2,'single',4),(10,1,'queen',4),(11,1,'single',4),(12,1,'queen',4),(13,1,'single',4),(14,1,'queen',4),(15,1,'single',4),(16,3,'single',5),(17,3,'single',6),(18,2,'single',7),(19,2,'single',7),(20,1,'queen',7),(21,1,'single',7),(22,2,'single',7),(23,3,'single',8),(24,1,'king',8),(25,1,'single',8),(26,1,'king',8),(27,1,'single',8),(28,3,'single',8),(29,1,'double',8),(30,1,'single',8),(31,2,'single',9),(32,2,'single',9),(33,3,'single',9),(34,1,'double',10),(35,1,'single',10),(36,3,'single',11),(37,3,'single',12),(38,3,'single',13),(39,2,'single',14),(40,1,'double',14),(41,1,'single',14),(42,3,'single',14),(43,1,'queen',15),(44,1,'single',15),(45,3,'single',16),(46,1,'double',16),(47,1,'single',16),(48,1,'king',16),(49,1,'single',16),(50,1,'king',16),(51,1,'single',16),(52,3,'single',16),(53,1,'double',17),(54,1,'single',17),(55,2,'single',18),(56,2,'single',18),(57,2,'single',18),(58,3,'single',19),(59,1,'king',19),(60,1,'single',19),(61,3,'single',19),(62,2,'single',20),(63,2,'single',20),(64,3,'single',21),(65,2,'single',21),(66,1,'king',21),(67,1,'single',21),(68,1,'double',21),(69,1,'single',21),(70,3,'single',21),(71,1,'double',22),(72,1,'single',22),(73,3,'single',22),(74,1,'queen',22),(75,1,'single',22),(76,1,'king',22),(77,1,'single',22),(78,2,'single',22),(79,2,'single',23),(80,1,'queen',23),(81,1,'single',23),(82,2,'single',23),(83,3,'single',23),(84,1,'king',23),(85,1,'single',23),(86,2,'single',24),(87,3,'single',24),(88,2,'single',24),(89,3,'single',25),(90,3,'single',26),(91,1,'queen',27),(92,1,'single',27),(93,3,'single',27),(94,2,'single',27),(95,1,'king',28),(96,1,'single',28),(97,1,'king',28),(98,1,'single',28),(99,3,'single',28),(100,2,'single',29),(101,2,'single',29),(102,3,'single',29),(103,2,'single',29),(104,2,'single',30),(105,3,'single',30),(106,1,'double',31),(107,1,'single',31),(108,2,'single',31),(109,2,'single',32),(110,1,'double',32),(111,1,'single',32),(112,1,'double',33),(113,1,'single',33),(114,2,'single',33),(115,1,'double',33),(116,1,'single',33),(117,3,'single',33),(118,3,'single',34),(119,3,'single',34),(120,2,'single',35),(121,1,'king',35),(122,1,'single',35),(123,2,'single',35),(124,1,'queen',35),(125,1,'single',35),(126,1,'queen',35),(127,1,'single',35),(128,3,'single',36),(129,3,'single',37),(130,1,'king',37),(131,1,'single',37),(132,3,'single',37),(133,3,'single',38),(134,3,'single',38),(135,1,'double',38),(136,1,'single',38),(137,3,'single',38),(138,2,'single',38),(139,3,'single',39),(140,2,'single',39),(141,3,'single',39),(142,2,'single',39),(143,3,'single',40),(144,1,'queen',40),(145,1,'single',40),(146,2,'single',41),(147,1,'double',41),(148,1,'single',41),(149,2,'single',42),(150,1,'queen',42),(151,1,'single',42),(152,3,'single',42),(153,3,'single',42),(154,1,'king',42),(155,1,'single',42),(156,2,'single',43),(157,1,'double',43),(158,1,'single',43),(159,2,'single',43),(160,3,'single',44),(161,1,'king',44),(162,1,'single',44),(163,2,'single',44),(164,1,'queen',45),(165,1,'single',45),(166,1,'double',45),(167,1,'single',45),(168,1,'queen',45),(169,1,'single',45),(170,1,'double',45),(171,1,'single',45),(172,2,'single',46),(173,3,'single',47),(174,2,'single',47),(175,2,'single',47),(176,1,'queen',48),(177,1,'single',48),(178,2,'single',48),(179,3,'single',48),(180,1,'king',48),(181,1,'single',48),(182,3,'single',49),(183,3,'single',49),(184,2,'single',49),(185,3,'single',50),(186,1,'king',50),(187,1,'single',50),(188,2,'single',51),(189,1,'king',51),(190,1,'single',51),(191,2,'single',51),(192,3,'single',52),(193,2,'single',52),(194,1,'double',52),(195,1,'single',52),(196,3,'single',53),(197,3,'single',54),(198,2,'single',54),(199,2,'single',54),(200,3,'single',55),(201,1,'queen',56),(202,1,'single',56),(203,2,'single',56),(204,1,'king',56),(205,1,'single',56),(206,3,'single',56),(207,3,'single',57),(208,2,'single',57),(209,2,'single',58),(210,3,'single',58),(211,1,'double',58),(212,1,'single',58),(213,1,'king',58),(214,1,'single',58),(215,2,'single',59),(216,1,'king',59),(217,1,'single',59),(218,1,'queen',59),(219,1,'single',59),(220,3,'single',59),(221,2,'single',59),(222,2,'single',60),(223,2,'single',61),(224,1,'double',61),(225,1,'single',61),(226,3,'single',61),(227,2,'single',61),(228,1,'king',62),(229,1,'single',62),(230,2,'single',63),(231,3,'single',63),(232,3,'single',63),(233,1,'queen',63),(234,1,'single',63),(235,2,'single',64),(236,2,'single',64),(237,2,'single',64),(238,1,'double',65),(239,1,'single',65),(240,1,'king',66),(241,1,'single',66),(242,3,'single',66),(243,2,'single',66),(244,3,'single',66),(245,3,'single',67),(246,2,'single',67),(247,2,'single',68),(248,3,'single',69),(249,1,'king',69),(250,1,'single',69),(251,3,'single',69),(252,1,'queen',69),(253,1,'single',69),(254,1,'king',69),(255,1,'single',69),(256,1,'king',70),(257,1,'single',70),(258,1,'double',70),(259,1,'single',70),(260,1,'king',70),(261,1,'single',70),(262,2,'single',70),(263,1,'queen',70),(264,1,'single',70),(265,2,'single',71),(266,3,'single',71),(267,3,'single',71),(268,1,'queen',71),(269,1,'single',71),(270,2,'single',72),(271,2,'single',72),(272,2,'single',72),(273,2,'single',73),(274,2,'single',74),(275,2,'single',75),(276,1,'queen',75),(277,1,'single',75),(278,1,'double',75),(279,1,'single',75),(280,3,'single',75),(281,2,'single',75),(282,2,'single',76),(283,1,'double',76),(284,1,'single',76),(285,1,'double',76),(286,1,'single',76),(287,1,'double',76),(288,1,'single',76),(289,1,'double',76),(290,1,'single',76),(291,1,'double',77),(292,1,'single',77),(293,1,'double',77),(294,1,'single',77),(295,3,'single',77),(296,1,'king',77),(297,1,'single',77),(298,1,'queen',78),(299,1,'single',78),(300,3,'single',78),(301,3,'single',78),(302,3,'single',78),(303,1,'queen',79),(304,1,'single',79),(305,3,'single',79),(306,1,'king',79),(307,1,'single',79),(308,2,'single',79),(309,1,'queen',80),(310,1,'single',80),(311,2,'single',80),(312,3,'single',80),(313,3,'single',80),(314,2,'single',81),(315,3,'single',81),(316,2,'single',81),(317,1,'king',82),(318,1,'single',82),(319,2,'single',82),(320,3,'single',82),(321,2,'single',82),(322,2,'single',82),(323,3,'single',83),(324,3,'single',84),(325,1,'double',84),(326,1,'single',84),(327,3,'single',84),(328,1,'queen',84),(329,1,'single',84),(330,1,'double',84),(331,1,'single',84),(332,3,'single',85),(333,3,'single',85),(334,1,'double',85),(335,1,'single',85),(336,1,'queen',85),(337,1,'single',85),(338,1,'queen',85),(339,1,'single',85),(340,1,'king',86),(341,1,'single',86),(342,1,'queen',86),(343,1,'single',86),(344,3,'single',87),(345,2,'single',87),(346,2,'single',87),(347,2,'single',87),(348,2,'single',88),(349,2,'single',88),(350,3,'single',88),(351,2,'single',88),(352,2,'single',88),(353,3,'single',89),(354,3,'single',89),(355,1,'king',89),(356,1,'single',89),(357,2,'single',89),(358,1,'queen',90),(359,1,'single',90),(360,2,'single',90),(361,1,'double',91),(362,1,'single',91),(363,1,'double',91),(364,1,'single',91),(365,3,'single',91),(366,1,'queen',92),(367,1,'single',92),(368,3,'single',92),(369,2,'single',93),(370,2,'single',93),(371,3,'single',93),(372,2,'single',93),(373,1,'double',93),(374,1,'single',93),(375,2,'single',94),(376,3,'single',95),(377,2,'single',95),(378,3,'single',95),(379,2,'single',96),(380,1,'queen',97),(381,1,'single',97),(382,2,'single',98),(383,1,'king',98),(384,1,'single',98),(385,1,'king',98),(386,1,'single',98),(387,2,'single',99),(388,2,'single',100),(389,3,'single',100),(390,1,'double',100),(391,1,'single',100),(392,2,'single',100),(393,2,'single',100);
/*!40000 ALTER TABLE `Bedrooms` ENABLE KEYS */;
UNLOCK TABLES;

--
-- Table structure for table `Listings`
--

DROP TABLE IF EXISTS `Listings`;
/*!40101 SET @saved_cs_client     = @@character_set_client */;
/*!40101 SET character_set_client = utf8 */;
CREATE TABLE `Listings` (
  `id` int(11) NOT NULL AUTO_INCREMENT,
  `short_desc` varchar(255) DEFAULT NULL,
  `long_desc` varchar(255) DEFAULT NULL,
  `city` varchar(255) DEFAULT NULL,
  `country` varchar(255) DEFAULT NULL,
  `discount_rate` double DEFAULT NULL,
  `discount_measure` int(11) DEFAULT NULL,
  PRIMARY KEY (`id`)
) ENGINE=InnoDB AUTO_INCREMENT=101 DEFAULT CHARSET=utf8;
/*!40101 SET character_set_client = @saved_cs_client */;

--
-- Dumping data for table `Listings`
--

LOCK TABLES `Listings` WRITE;
/*!40000 ALTER TABLE `Listings` DISABLE KEYS */;
INSERT INTO `Listings` VALUES (1,'labore vitae voluptatum harum',NULL,'Jazlynhaven','China',0.31,32),(2,'quam aut vel eius',NULL,'Pfefferfurt','Ghana',0.34,31),(3,'voluptatem iusto consectetur suscipit',NULL,'Port Jannie','Turkey',0.2,18),(4,'culpa voluptatem numquam',NULL,'South Kitty','Ghana',0.31,16),(5,'hic neque enim',NULL,'Samborough','Gibraltar',0.23,29),(6,'doloribus',NULL,'Tayaville','Maldives',0.29,16),(7,'blanditiis voluptas necessitatibus',NULL,'West Jerald','Jamaica',0.13,7),(8,'aut voluptate accusamus voluptatem',NULL,'Port Jasenfurt','Mali',0.17,19),(9,'consequatur',NULL,'New Ryley','Namibia',0.29,33),(10,'quis possimus omnis',NULL,'Deannaport','Turkey',0.3,14),(11,'in officia',NULL,'Elzastad','Seychelles',0.19,24),(12,'iste similique quae',NULL,'Parisianfurt','Guadeloupe',0.18,16),(13,'voluptate culpa dolore',NULL,'North Cordeliachester','Nicaragua',0.34,11),(14,'qui est libero',NULL,'New Eleonorechester','New Zealand',0.26,30),(15,'quos',NULL,'Port Websterfort','Colombia',0.16,22),(16,'non odit perspiciatis est',NULL,'Krajcikburgh','New Caledonia',0.26,12),(17,'qui',NULL,'Prohaskaborough','Benin',0.26,29),(18,'facilis aut est est',NULL,'Lehnerhaven','French Southern Territories',0.17,12),(19,'consequatur asperiores rerum',NULL,'Mikaylastad','Norfolk Island',0.18,20),(20,'delectus quia vel enim',NULL,'Dachport','Cote d\'Ivoire',0.2,9),(21,'eum quo quibusdam harum',NULL,'East Enrique','Democratic People\'s Republic of Korea',0.21,22),(22,'atque quia voluptas',NULL,'South Lupestad','Belize',0.13,15),(23,'esse',NULL,'East Armani','Ireland',0.29,14),(24,'amet illo',NULL,'Bernieburgh','Tonga',0.11,8),(25,'quam inventore',NULL,'Keyonberg','Guyana',0.15,33),(26,'a',NULL,'Boscomouth','Germany',0.32,26),(27,'adipisci quis non pariatur',NULL,'Port Justice','Latvia',0.1,8),(28,'ad id ea',NULL,'Annettaville','Zambia',0.12,32),(29,'voluptatum ea',NULL,'Goodwinchester','Australia',0.28,30),(30,'magnam perspiciatis',NULL,'Herzogview','Georgia',0.19,18),(31,'ratione',NULL,'Summerfurt','Cape Verde',0.24,29),(32,'quia cupiditate neque',NULL,'Karenhaven','Saint Martin',0.27,23),(33,'quia voluptatem sunt',NULL,'East Adriannamouth','Jamaica',0.35,28),(34,'qui',NULL,'Port Antonetteburgh','Reunion',0.31,17),(35,'at et dolorem provident',NULL,'East Johan','South Africa',0.32,16),(36,'blanditiis et sed eaque',NULL,'Lake Gladysborough','Kiribati',0.3,27),(37,'odio',NULL,'Harbertown','Ireland',0.23,24),(38,'porro blanditiis nisi',NULL,'North Kaia','Jersey',0.35,28),(39,'sed in incidunt molestiae',NULL,'Adrielton','Finland',0.12,8),(40,'dolor eum',NULL,'Grimesbury','Andorra',0.32,19),(41,'illum consequatur',NULL,'Joanieview','Macedonia',0.19,11),(42,'quod iusto',NULL,'East Brown','Isle of Man',0.11,10),(43,'id',NULL,'New Georgianachester','Senegal',0.32,15),(44,'reprehenderit id dolorem vel',NULL,'East Wyattfurt','China',0.24,29),(45,'aliquid sit modi',NULL,'North Lewborough','Guyana',0.15,9),(46,'delectus',NULL,'Schultzland','Bolivia',0.26,12),(47,'quod esse',NULL,'East Emery','Central African Republic',0.17,33),(48,'consequatur',NULL,'Doyleburgh','Taiwan',0.29,26),(49,'at et',NULL,'Nolachester','Fiji',0.16,11),(50,'consequatur iusto dolorem et',NULL,'New Maya','Nigeria',0.26,20),(51,'et natus',NULL,'Giovannaland','Malta',0.23,18),(52,'omnis nemo sunt est',NULL,'Port Dessiebury','Armenia',0.17,30),(53,'magni ducimus eos maiores',NULL,'Broderickmouth','Tonga',0.33,30),(54,'voluptatum eos',NULL,'New Maryse','Slovakia (Slovak Republic)',0.21,29),(55,'distinctio fugiat',NULL,'Port Brandochester','Switzerland',0.3,22),(56,'consequatur quia quis',NULL,'Klockohaven','Nicaragua',0.32,33),(57,'fuga unde consequatur',NULL,'Lake Libbieview','Saint Helena',0.18,12),(58,'et assumenda eos',NULL,'Lake Ethaberg','Bulgaria',0.16,10),(59,'consequuntur accusamus dolor non',NULL,'Schmelerland','American Samoa',0.2,8),(60,'dolores',NULL,'Port Ivachester','Czech Republic',0.16,26),(61,'ut',NULL,'South Marcelinaburgh','Cook Islands',0.14,7),(62,'voluptas sequi deserunt',NULL,'East Rafaelashire','Vanuatu',0.12,7),(63,'et voluptatem aut',NULL,'Connmouth','New Caledonia',0.13,22),(64,'similique atque ea',NULL,'Baileymouth','Aruba',0.29,15),(65,'rerum',NULL,'Royburgh','Northern Mariana Islands',0.33,11),(66,'impedit',NULL,'Strosinberg','Montserrat',0.27,15),(67,'culpa',NULL,'Port Kelvinland','Tunisia',0.18,16),(68,'iure culpa eos expedita',NULL,'Veumborough','Algeria',0.24,29),(69,'nemo omnis',NULL,'North Waldo','Cook Islands',0.23,13),(70,'est',NULL,'North Everardoshire','Saint Lucia',0.17,8),(71,'aliquid et facere debitis',NULL,'East Issac','Mauritius',0.12,14),(72,'ullam modi',NULL,'Schimmelbury','Antarctica (the territory South of 60 deg S)',0.17,7),(73,'laborum',NULL,'Terryport','Heard Island and McDonald Islands',0.29,31),(74,'ipsum sapiente inventore',NULL,'Dickinsonfort','Norway',0.18,33),(75,'explicabo consequuntur blanditiis aut',NULL,'Kuhlmanfurt','Armenia',0.11,23),(76,'qui',NULL,'South Abelardo','Morocco',0.28,17),(77,'velit et et et',NULL,'West Samantaborough','Pitcairn Islands',0.13,13),(78,'numquam quidem officia error',NULL,'Madilynmouth','French Southern Territories',0.27,12),(79,'voluptatum voluptatibus',NULL,'North Saige','Madagascar',0.1,14),(80,'inventore est',NULL,'Treutelview','Guyana',0.15,7),(81,'cum est',NULL,'Bruenberg','Iceland',0.25,7),(82,'illo expedita',NULL,'East Alfordmouth','Malta',0.32,10),(83,'perspiciatis',NULL,'Lake Melyna','Saint Lucia',0.21,29),(84,'quis minus nihil',NULL,'Lake Justenview','British Indian Ocean Territory (Chagos Archipelago)',0.12,21),(85,'architecto',NULL,'Port Elliott','Montenegro',0.16,33),(86,'impedit id ut repellat',NULL,'Lake Bettyeview','Virgin Islands, U.S.',0.12,31),(87,'eum',NULL,'Lake Devanville','Pakistan',0.12,24),(88,'amet eius',NULL,'Jacintoton','Jamaica',0.31,18),(89,'odio',NULL,'Dorothyborough','Italy',0.1,21),(90,'corrupti dolor possimus',NULL,'North Dasia','Cape Verde',0.16,12),(91,'voluptatem',NULL,'Fisherport','Jordan',0.29,28),(92,'et expedita doloribus',NULL,'Crooksfort','Congo',0.11,22),(93,'dolorem eveniet similique',NULL,'Wainotown','Italy',0.12,21),(94,'modi alias ut atque',NULL,'Shayleebury','Democratic People\'s Republic of Korea',0.24,32),(95,'eius aut',NULL,'Skilesbury','Kiribati',0.17,23),(96,'soluta sit amet',NULL,'South Rheaburgh','Bosnia and Herzegovina',0.25,30),(97,'voluptates minima',NULL,'Lake Patrick','Oman',0.22,17),(98,'labore aut enim',NULL,'South Jules','Switzerland',0.29,14),(99,'eos autem modi voluptatem',NULL,'Tarahaven','Taiwan',0.27,8),(100,'dignissimos',NULL,'South Yasminehaven','Malaysia',0.1,11);
/*!40000 ALTER TABLE `Listings` ENABLE KEYS */;
UNLOCK TABLES;

--
-- Table structure for table `MinMaxDays`
--

DROP TABLE IF EXISTS `MinMaxDays`;
/*!40101 SET @saved_cs_client     = @@character_set_client */;
/*!40101 SET character_set_client = utf8 */;
CREATE TABLE `MinMaxDays` (
  `id` int(11) NOT NULL AUTO_INCREMENT,
  `sunday_min` int(11) NOT NULL,
  `monday_min` int(11) NOT NULL,
  `tuesday_min` int(11) NOT NULL,
  `wednesday_min` int(11) NOT NULL,
  `thursday_min` int(11) NOT NULL,
  `friday_min` int(11) NOT NULL,
  `saturday_min` int(11) NOT NULL,
  `max_days` int(11) NOT NULL,
  `listing_id` int(11) NOT NULL,
  PRIMARY KEY (`id`),
  KEY `listing_id` (`listing_id`),
  CONSTRAINT `minmaxdays_ibfk_1` FOREIGN KEY (`listing_id`) REFERENCES `Listings` (`id`)
) ENGINE=InnoDB AUTO_INCREMENT=101 DEFAULT CHARSET=utf8;
/*!40101 SET character_set_client = @saved_cs_client */;

--
-- Dumping data for table `MinMaxDays`
--

LOCK TABLES `MinMaxDays` WRITE;
/*!40000 ALTER TABLE `MinMaxDays` DISABLE KEYS */;
INSERT INTO `MinMaxDays` VALUES (1,4,0,0,2,1,4,4,16,1),(2,1,2,2,1,1,4,4,29,2),(3,0,1,1,0,0,0,4,18,3),(4,4,0,0,0,2,0,1,31,4),(5,2,0,1,2,2,4,4,16,6),(6,0,2,1,0,0,4,1,32,5),(7,4,2,0,2,1,0,1,7,7),(8,2,2,2,0,1,0,0,19,8),(9,3,1,0,2,1,1,3,33,9),(10,0,1,0,2,0,1,0,14,10),(11,2,2,2,0,1,1,0,24,11),(12,3,0,1,1,0,4,0,16,12),(13,2,2,0,2,2,3,3,11,13),(14,2,2,2,0,1,3,1,30,14),(15,1,0,1,0,2,1,3,22,15),(16,1,0,0,2,0,1,2,12,16),(17,2,1,2,2,2,4,0,29,17),(18,4,2,1,1,2,3,3,12,18),(19,2,0,0,2,0,2,2,20,19),(20,0,1,0,0,0,4,2,9,20),(21,1,2,0,0,1,2,2,22,21),(22,3,1,1,0,0,1,0,15,22),(23,4,0,0,2,1,1,3,14,23),(24,3,0,0,1,2,4,3,8,24),(25,4,0,1,2,2,2,0,33,25),(26,3,1,1,0,1,1,2,26,26),(27,1,2,1,1,2,2,0,8,27),(28,4,2,2,0,0,0,3,32,28),(29,3,1,1,0,0,4,3,30,29),(30,1,1,1,0,2,4,0,18,30),(31,1,1,2,0,1,4,2,29,31),(32,0,2,1,1,0,3,2,23,32),(33,0,2,0,0,2,1,0,28,33),(34,1,2,0,0,2,4,3,17,34),(35,2,1,0,0,1,3,3,16,35),(36,0,0,1,0,2,2,2,27,36),(37,4,1,2,0,2,3,1,24,37),(38,3,0,2,2,2,1,3,28,38),(39,0,0,2,1,1,4,4,8,39),(40,3,2,1,2,1,4,0,19,40),(41,3,0,2,2,1,0,3,11,41),(42,2,1,1,2,2,2,0,10,42),(43,4,1,0,0,1,0,2,15,43),(44,3,0,0,2,1,4,0,29,44),(45,2,2,1,2,1,4,2,9,45),(46,3,2,2,2,1,1,2,12,46),(47,3,2,1,1,1,3,1,33,47),(48,0,1,1,1,1,0,4,26,48),(49,4,2,0,2,2,4,4,11,49),(50,4,1,2,0,1,4,3,20,50),(51,0,1,0,0,1,2,3,18,51),(52,3,2,1,0,2,1,0,30,52),(53,3,2,0,2,0,3,1,30,53),(54,2,1,1,0,1,0,1,29,54),(55,4,2,1,0,0,1,2,22,55),(56,2,0,0,0,0,1,1,33,56),(57,0,1,0,0,0,0,2,12,57),(58,2,1,0,0,1,0,3,10,58),(59,2,1,1,1,2,1,1,8,59),(60,0,2,0,0,2,1,3,26,60),(61,4,0,1,1,0,0,3,7,61),(62,0,0,0,0,2,2,1,7,62),(63,0,0,1,1,1,0,1,22,63),(64,4,2,2,0,0,1,1,15,64),(65,4,1,2,1,1,3,2,11,65),(66,2,1,0,2,2,4,4,15,66),(67,2,2,1,2,1,3,3,16,67),(68,3,1,1,1,2,4,1,29,68),(69,4,1,0,2,2,1,3,13,69),(70,3,1,1,1,0,1,2,8,70),(71,4,2,0,2,1,2,3,14,71),(72,0,0,1,1,1,2,3,7,72),(73,1,2,2,0,0,1,3,31,73),(74,2,1,2,2,2,3,4,33,74),(75,2,0,2,2,0,0,0,23,75),(76,4,2,1,2,1,1,0,17,76),(77,0,1,2,1,1,0,3,13,77),(78,3,0,1,1,2,1,3,12,78),(79,4,2,1,1,0,3,0,14,79),(80,0,1,1,1,0,0,3,7,80),(81,3,0,2,1,1,4,3,7,81),(82,3,1,2,2,1,3,0,10,82),(83,3,2,1,1,2,1,3,29,83),(84,2,2,0,2,1,2,4,21,84),(85,4,2,1,1,2,1,2,33,85),(86,3,1,0,0,0,0,2,31,86),(87,2,1,2,1,0,1,1,24,87),(88,4,2,2,2,0,4,0,18,88),(89,1,2,2,1,0,1,1,21,89),(90,4,2,0,0,0,1,1,12,90),(91,0,2,1,1,0,1,3,28,91),(92,4,0,1,0,1,0,2,22,92),(93,1,2,1,1,0,0,1,21,93),(94,4,1,2,0,2,3,0,32,94),(95,0,1,0,1,2,1,4,23,95),(96,1,0,0,0,0,1,0,30,96),(97,4,2,2,1,2,3,4,17,97),(98,3,2,2,1,2,0,2,14,98),(99,3,1,1,2,1,2,4,8,99),(100,1,1,0,0,2,4,2,11,100);
/*!40000 ALTER TABLE `MinMaxDays` ENABLE KEYS */;
UNLOCK TABLES;

--
-- Table structure for table `UnavailableDates`
--

DROP TABLE IF EXISTS `UnavailableDates`;
/*!40101 SET @saved_cs_client     = @@character_set_client */;
/*!40101 SET character_set_client = utf8 */;
CREATE TABLE `UnavailableDates` (
  `id` int(11) NOT NULL AUTO_INCREMENT,
  `ua_date` date NOT NULL,
  `listing_id` int(11) NOT NULL,
  PRIMARY KEY (`id`),
  KEY `listing_id` (`listing_id`),
  CONSTRAINT `unavailabledates_ibfk_1` FOREIGN KEY (`listing_id`) REFERENCES `Listings` (`id`)
) ENGINE=InnoDB AUTO_INCREMENT=2334 DEFAULT CHARSET=utf8;
/*!40101 SET character_set_client = @saved_cs_client */;

--
-- Dumping data for table `UnavailableDates`
--

LOCK TABLES `UnavailableDates` WRITE;
/*!40000 ALTER TABLE `UnavailableDates` DISABLE KEYS */;
INSERT INTO `UnavailableDates` VALUES (1,'2019-12-11',1),(2,'2019-12-12',1),(3,'2019-12-29',1),(4,'2019-12-30',1),(5,'2019-12-31',1),(6,'2020-01-01',1),(7,'2020-04-09',1),(8,'2020-04-10',1),(9,'2020-03-08',1),(10,'2020-03-09',1),(11,'2019-10-26',1),(12,'2019-10-27',1),(13,'2019-10-28',1),(14,'2020-02-22',1),(15,'2020-02-23',1),(16,'2020-02-24',1),(17,'2020-01-27',2),(18,'2020-01-28',2),(19,'2020-01-29',2),(20,'2020-01-30',2),(21,'2020-02-18',2),(22,'2020-02-19',2),(23,'2020-02-20',2),(24,'2020-02-21',2),(25,'2019-10-23',2),(26,'2019-10-24',2),(27,'2019-10-25',2),(28,'2019-11-30',2),(29,'2019-12-01',2),(30,'2020-04-01',2),(31,'2020-04-02',2),(32,'2020-04-03',2),(33,'2020-04-04',2),(34,'2020-02-26',3),(35,'2020-02-27',3),(36,'2020-02-28',3),(37,'2019-12-07',3),(38,'2019-12-08',3),(39,'2019-12-09',3),(40,'2019-12-10',3),(41,'2020-04-17',3),(42,'2020-04-18',3),(43,'2020-04-19',3),(44,'2020-04-20',3),(45,'2019-11-29',3),(46,'2019-11-30',3),(47,'2019-12-01',3),(48,'2020-01-25',3),(49,'2020-01-26',3),(50,'2020-04-12',3),(51,'2020-04-13',3),(52,'2020-04-14',3),(53,'2019-12-26',3),(54,'2019-12-27',3),(55,'2019-12-28',3),(56,'2019-12-29',3),(57,'2019-12-12',3),(58,'2019-12-13',3),(59,'2019-12-14',3),(60,'2019-10-26',3),(61,'2019-10-27',3),(62,'2019-10-28',3),(63,'2019-10-29',3),(64,'2019-11-24',3),(65,'2019-11-25',3),(66,'2019-11-26',3),(67,'2019-11-27',3),(68,'2020-03-26',3),(69,'2020-03-27',3),(70,'2020-03-28',3),(71,'2019-10-29',4),(72,'2019-10-30',4),(73,'2019-10-31',4),(74,'2019-11-02',4),(75,'2019-11-03',4),(76,'2019-11-04',4),(77,'2019-11-05',4),(78,'2020-01-07',4),(79,'2020-01-08',4),(80,'2020-01-09',4),(81,'2020-01-10',4),(82,'2020-04-13',4),(83,'2020-04-14',4),(84,'2019-12-06',4),(85,'2019-12-07',4),(86,'2020-04-21',4),(87,'2020-04-22',4),(88,'2019-10-27',4),(89,'2019-10-28',4),(90,'2019-10-29',4),(91,'2020-03-14',4),(92,'2020-03-15',4),(93,'2020-03-16',4),(94,'2020-03-17',4),(95,'2019-11-01',4),(96,'2019-11-02',4),(97,'2019-11-03',4),(98,'2019-11-04',4),(99,'2020-03-23',4),(100,'2020-03-24',4),(101,'2020-03-25',4),(102,'2020-01-14',4),(103,'2020-01-15',4),(104,'2020-01-16',4),(105,'2020-01-17',4),(106,'2019-12-24',4),(107,'2019-12-25',4),(108,'2020-04-06',4),(109,'2020-04-07',4),(110,'2019-12-23',4),(111,'2019-12-24',4),(112,'2019-12-25',4),(113,'2019-12-26',4),(114,'2019-12-20',5),(115,'2019-12-21',5),(116,'2019-12-22',5),(117,'2019-12-23',5),(118,'2019-11-05',5),(119,'2019-11-06',5),(120,'2019-11-07',5),(121,'2019-11-08',5),(122,'2019-10-29',5),(123,'2019-10-30',5),(124,'2019-12-27',5),(125,'2019-12-28',5),(126,'2019-12-29',5),(127,'2019-12-30',5),(128,'2019-12-03',5),(129,'2019-12-04',5),(130,'2019-12-05',5),(131,'2019-11-21',5),(132,'2019-11-22',5),(133,'2019-11-23',5),(134,'2019-11-24',5),(135,'2020-01-24',5),(136,'2020-01-25',5),(137,'2020-01-26',5),(138,'2020-01-27',5),(139,'2020-01-05',5),(140,'2020-01-06',5),(141,'2020-01-07',5),(142,'2020-04-01',6),(143,'2020-04-02',6),(144,'2020-04-03',6),(145,'2020-04-04',6),(146,'2019-12-30',6),(147,'2019-12-31',6),(148,'2020-01-01',6),(149,'2020-01-02',6),(150,'2019-11-30',6),(151,'2019-12-01',6),(152,'2019-11-27',7),(153,'2019-11-28',7),(154,'2019-11-29',7),(155,'2019-12-29',7),(156,'2019-12-30',7),(157,'2019-12-31',7),(158,'2020-02-27',7),(159,'2020-02-28',7),(160,'2020-02-29',7),(161,'2020-02-24',7),(162,'2020-02-25',7),(163,'2020-02-26',7),(164,'2020-03-17',7),(165,'2020-03-18',7),(166,'2019-10-31',7),(167,'2019-11-01',7),(168,'2019-11-02',7),(169,'2019-11-03',7),(170,'2019-11-26',7),(171,'2019-11-27',7),(172,'2020-03-09',7),(173,'2020-03-10',7),(174,'2020-03-11',7),(175,'2020-03-12',7),(176,'2019-11-30',7),(177,'2019-12-01',7),(178,'2019-12-02',7),(179,'2019-12-03',7),(180,'2020-01-04',7),(181,'2020-01-05',7),(182,'2020-03-29',7),(183,'2020-03-30',7),(184,'2020-03-31',7),(185,'2019-11-19',8),(186,'2019-11-20',8),(187,'2019-11-21',8),(188,'2019-12-30',8),(189,'2019-12-31',8),(190,'2020-02-10',8),(191,'2020-02-11',8),(192,'2020-02-12',8),(193,'2020-03-22',8),(194,'2020-03-23',8),(195,'2020-03-24',8),(196,'2019-12-06',8),(197,'2019-12-07',8),(198,'2019-12-08',8),(199,'2019-12-09',8),(200,'2019-12-18',8),(201,'2019-12-19',8),(202,'2019-12-20',8),(203,'2020-02-27',8),(204,'2020-02-28',8),(205,'2020-02-29',8),(206,'2020-03-01',8),(207,'2019-12-07',8),(208,'2019-12-08',8),(209,'2020-03-12',9),(210,'2020-03-13',9),(211,'2020-01-19',9),(212,'2020-01-20',9),(213,'2020-01-21',9),(214,'2020-01-22',9),(215,'2020-01-19',9),(216,'2020-01-20',9),(217,'2020-01-18',9),(218,'2020-01-19',9),(219,'2020-01-20',9),(220,'2020-01-21',9),(221,'2020-01-21',9),(222,'2020-01-22',9),(223,'2020-01-23',9),(224,'2020-04-08',9),(225,'2020-04-09',9),(226,'2020-04-10',9),(227,'2020-02-07',9),(228,'2020-02-08',9),(229,'2020-02-09',9),(230,'2020-03-15',9),(231,'2020-03-16',9),(232,'2020-03-17',9),(233,'2020-03-18',9),(234,'2020-02-18',10),(235,'2020-02-19',10),(236,'2020-02-20',10),(237,'2020-03-11',10),(238,'2020-03-12',10),(239,'2020-03-13',10),(240,'2020-03-13',10),(241,'2020-03-14',10),(242,'2020-02-06',11),(243,'2020-02-07',11),(244,'2019-12-19',11),(245,'2019-12-20',11),(246,'2019-12-21',11),(247,'2020-03-04',11),(248,'2020-03-05',11),(249,'2020-03-06',11),(250,'2020-03-07',11),(251,'2020-02-05',11),(252,'2020-02-06',11),(253,'2020-02-07',11),(254,'2020-02-08',11),(255,'2019-12-06',11),(256,'2019-12-07',11),(257,'2020-03-20',11),(258,'2020-03-21',11),(259,'2020-03-22',11),(260,'2019-11-01',11),(261,'2019-11-02',11),(262,'2020-01-29',11),(263,'2020-01-30',11),(264,'2020-01-31',11),(265,'2020-01-12',11),(266,'2020-01-13',11),(267,'2019-11-04',11),(268,'2019-11-05',11),(269,'2019-11-06',11),(270,'2019-11-08',11),(271,'2019-11-09',11),(272,'2019-11-10',11),(273,'2019-12-26',11),(274,'2019-12-27',11),(275,'2019-12-28',11),(276,'2020-03-04',11),(277,'2020-03-05',11),(278,'2020-03-06',11),(279,'2020-03-13',12),(280,'2020-03-14',12),(281,'2020-03-15',12),(282,'2020-01-04',12),(283,'2020-01-05',12),(284,'2020-01-06',12),(285,'2020-01-07',12),(286,'2020-03-03',12),(287,'2020-03-04',12),(288,'2019-11-06',13),(289,'2019-11-07',13),(290,'2019-10-28',13),(291,'2019-10-29',13),(292,'2019-10-30',13),(293,'2019-10-31',13),(294,'2020-03-28',13),(295,'2020-03-29',13),(296,'2020-03-30',13),(297,'2019-11-17',13),(298,'2019-11-18',13),(299,'2020-03-22',13),(300,'2020-03-23',13),(301,'2020-03-24',13),(302,'2019-11-27',13),(303,'2019-11-28',13),(304,'2019-11-29',13),(305,'2019-12-07',13),(306,'2019-12-08',13),(307,'2019-12-09',13),(308,'2020-04-16',13),(309,'2020-04-17',13),(310,'2020-04-18',13),(311,'2020-04-19',13),(312,'2020-04-17',14),(313,'2020-04-18',14),(314,'2020-04-19',14),(315,'2019-12-21',14),(316,'2019-12-22',14),(317,'2020-02-26',14),(318,'2020-02-27',14),(319,'2020-03-27',14),(320,'2020-03-28',14),(321,'2020-03-29',14),(322,'2020-03-30',14),(323,'2020-02-14',14),(324,'2020-02-15',14),(325,'2019-11-12',14),(326,'2019-11-13',14),(327,'2019-11-14',14),(328,'2019-11-15',14),(329,'2020-01-29',14),(330,'2020-01-30',14),(331,'2020-01-31',14),(332,'2019-10-24',14),(333,'2019-10-25',14),(334,'2019-10-26',14),(335,'2019-10-27',14),(336,'2020-03-18',14),(337,'2020-03-19',14),(338,'2020-03-20',14),(339,'2020-02-23',14),(340,'2020-02-24',14),(341,'2020-02-25',14),(342,'2020-02-26',14),(343,'2019-11-17',15),(344,'2019-11-18',15),(345,'2019-11-19',15),(346,'2019-12-22',15),(347,'2019-12-23',15),(348,'2019-12-24',15),(349,'2020-01-07',16),(350,'2020-01-08',16),(351,'2020-04-18',16),(352,'2020-04-19',16),(353,'2019-11-11',17),(354,'2019-11-12',17),(355,'2019-11-13',17),(356,'2019-11-14',17),(357,'2020-01-21',17),(358,'2020-01-22',17),(359,'2019-11-21',17),(360,'2019-11-22',17),(361,'2020-03-12',17),(362,'2020-03-13',17),(363,'2020-03-14',17),(364,'2020-02-15',17),(365,'2020-02-16',17),(366,'2020-02-17',17),(367,'2020-02-08',17),(368,'2020-02-09',17),(369,'2020-02-10',17),(370,'2020-02-11',17),(371,'2019-12-25',18),(372,'2019-12-26',18),(373,'2019-12-17',18),(374,'2019-12-18',18),(375,'2019-12-19',18),(376,'2019-12-20',18),(377,'2019-12-19',18),(378,'2019-12-20',18),(379,'2020-01-26',18),(380,'2020-01-27',18),(381,'2020-01-28',18),(382,'2020-01-29',18),(383,'2020-01-19',18),(384,'2020-01-20',18),(385,'2020-01-21',18),(386,'2020-01-20',18),(387,'2020-01-21',18),(388,'2020-01-22',18),(389,'2020-02-04',18),(390,'2020-02-05',18),(391,'2020-01-15',18),(392,'2020-01-16',18),(393,'2020-01-17',18),(394,'2020-03-13',18),(395,'2020-03-14',18),(396,'2020-03-15',18),(397,'2019-10-26',18),(398,'2019-10-27',18),(399,'2019-10-28',18),(400,'2019-11-15',18),(401,'2019-11-16',18),(402,'2019-11-17',18),(403,'2020-01-25',18),(404,'2020-01-26',18),(405,'2020-01-27',18),(406,'2019-12-31',18),(407,'2020-01-01',18),(408,'2020-01-21',18),(409,'2020-01-22',18),(410,'2020-01-23',18),(411,'2020-01-24',18),(412,'2019-10-31',19),(413,'2019-11-01',19),(414,'2020-02-21',19),(415,'2020-02-22',19),(416,'2020-02-23',19),(417,'2020-02-07',19),(418,'2020-02-08',19),(419,'2020-02-09',19),(420,'2020-02-10',19),(421,'2019-11-13',19),(422,'2019-11-14',19),(423,'2019-11-15',19),(424,'2019-11-16',19),(425,'2019-10-31',19),(426,'2019-11-01',19),(427,'2019-11-02',19),(428,'2019-11-03',19),(429,'2020-02-16',19),(430,'2020-02-17',19),(431,'2020-02-18',19),(432,'2019-11-03',19),(433,'2019-11-04',19),(434,'2019-11-05',19),(435,'2020-02-05',20),(436,'2020-02-06',20),(437,'2020-04-04',20),(438,'2020-04-05',20),(439,'2020-02-20',20),(440,'2020-02-21',20),(441,'2020-02-22',20),(442,'2020-01-11',20),(443,'2020-01-12',20),(444,'2020-01-13',20),(445,'2020-01-14',20),(446,'2019-12-13',20),(447,'2019-12-14',20),(448,'2019-11-16',20),(449,'2019-11-17',20),(450,'2019-11-18',20),(451,'2019-11-19',20),(452,'2020-02-01',20),(453,'2020-02-02',20),(454,'2020-02-03',20),(455,'2020-02-04',20),(456,'2019-11-15',21),(457,'2019-11-16',21),(458,'2020-03-20',21),(459,'2020-03-21',21),(460,'2020-01-10',21),(461,'2020-01-11',21),(462,'2020-03-13',21),(463,'2020-03-14',21),(464,'2020-03-15',21),(465,'2020-03-16',21),(466,'2019-12-28',21),(467,'2019-12-29',21),(468,'2019-12-30',21),(469,'2020-02-26',21),(470,'2020-02-27',21),(471,'2020-02-28',21),(472,'2019-10-23',21),(473,'2019-10-24',21),(474,'2019-10-25',21),(475,'2019-10-26',21),(476,'2019-12-18',22),(477,'2019-12-19',22),(478,'2019-11-07',22),(479,'2019-11-08',22),(480,'2019-11-09',22),(481,'2020-02-12',22),(482,'2020-02-13',22),(483,'2019-12-24',22),(484,'2019-12-25',22),(485,'2019-12-17',22),(486,'2019-12-18',22),(487,'2019-12-19',22),(488,'2019-10-31',22),(489,'2019-11-01',22),(490,'2019-11-02',22),(491,'2019-11-03',22),(492,'2020-01-24',22),(493,'2020-01-25',22),(494,'2020-02-28',22),(495,'2020-02-29',22),(496,'2020-03-01',22),(497,'2020-01-04',23),(498,'2020-01-05',23),(499,'2020-03-21',23),(500,'2020-03-22',23),(501,'2020-03-23',23),(502,'2020-03-24',23),(503,'2019-11-04',23),(504,'2019-11-05',23),(505,'2019-11-06',23),(506,'2020-03-30',23),(507,'2020-03-31',23),(508,'2020-04-01',23),(509,'2020-04-02',23),(510,'2020-02-07',23),(511,'2020-02-08',23),(512,'2020-02-09',23),(513,'2020-02-10',23),(514,'2019-12-09',23),(515,'2019-12-10',23),(516,'2019-12-01',23),(517,'2019-12-02',23),(518,'2019-12-03',23),(519,'2019-12-04',23),(520,'2020-03-17',24),(521,'2020-03-18',24),(522,'2020-03-19',24),(523,'2020-03-20',24),(524,'2020-04-11',24),(525,'2020-04-12',24),(526,'2020-04-13',24),(527,'2020-04-14',24),(528,'2020-03-18',24),(529,'2020-03-19',24),(530,'2020-03-20',24),(531,'2020-03-21',24),(532,'2020-01-01',24),(533,'2020-01-02',24),(534,'2020-01-03',24),(535,'2020-04-16',24),(536,'2020-04-17',24),(537,'2020-04-18',24),(538,'2019-11-01',24),(539,'2019-11-02',24),(540,'2020-02-26',24),(541,'2020-02-27',24),(542,'2020-02-28',24),(543,'2020-03-14',24),(544,'2020-03-15',24),(545,'2020-03-16',24),(546,'2020-03-17',24),(547,'2019-12-12',24),(548,'2019-12-13',24),(549,'2019-12-14',24),(550,'2020-02-02',24),(551,'2020-02-03',24),(552,'2020-02-04',24),(553,'2020-02-05',24),(554,'2019-12-01',24),(555,'2019-12-02',24),(556,'2019-12-03',24),(557,'2020-01-15',24),(558,'2020-01-16',24),(559,'2020-03-01',24),(560,'2020-03-02',24),(561,'2020-03-03',24),(562,'2020-03-04',24),(563,'2020-01-09',25),(564,'2020-01-10',25),(565,'2020-01-11',25),(566,'2020-03-20',25),(567,'2020-03-21',25),(568,'2020-03-22',25),(569,'2020-04-14',25),(570,'2020-04-15',25),(571,'2020-03-05',25),(572,'2020-03-06',25),(573,'2020-03-07',25),(574,'2020-03-21',25),(575,'2020-03-22',25),(576,'2019-11-12',25),(577,'2019-11-13',25),(578,'2019-11-22',25),(579,'2019-11-23',25),(580,'2019-11-24',25),(581,'2020-01-28',25),(582,'2020-01-29',25),(583,'2020-02-27',25),(584,'2020-02-28',25),(585,'2020-02-29',25),(586,'2020-03-01',25),(587,'2020-03-19',26),(588,'2020-03-20',26),(589,'2019-12-27',26),(590,'2019-12-28',26),(591,'2019-12-29',26),(592,'2019-12-30',26),(593,'2019-11-04',26),(594,'2019-11-05',26),(595,'2019-11-06',26),(596,'2019-11-07',26),(597,'2020-01-30',26),(598,'2020-01-31',26),(599,'2020-02-01',26),(600,'2020-02-02',26),(601,'2020-02-23',27),(602,'2020-02-24',27),(603,'2020-02-25',27),(604,'2020-02-02',27),(605,'2020-02-03',27),(606,'2020-03-03',27),(607,'2020-03-04',27),(608,'2020-03-05',27),(609,'2020-01-31',27),(610,'2020-02-01',27),(611,'2020-02-02',27),(612,'2020-02-03',27),(613,'2020-02-18',27),(614,'2020-02-19',27),(615,'2020-03-24',27),(616,'2020-03-25',27),(617,'2020-03-26',27),(618,'2019-12-08',27),(619,'2019-12-09',27),(620,'2020-04-10',27),(621,'2020-04-11',27),(622,'2020-04-12',27),(623,'2020-04-13',27),(624,'2020-03-16',27),(625,'2020-03-17',27),(626,'2019-11-02',27),(627,'2019-11-03',27),(628,'2019-11-04',27),(629,'2019-11-05',27),(630,'2019-11-04',27),(631,'2019-11-05',27),(632,'2019-11-06',27),(633,'2019-11-07',27),(634,'2020-02-28',27),(635,'2020-02-29',27),(636,'2020-03-01',27),(637,'2020-02-26',27),(638,'2020-02-27',27),(639,'2020-02-28',27),(640,'2019-12-17',27),(641,'2019-12-18',27),(642,'2019-12-19',27),(643,'2019-12-20',27),(644,'2020-03-13',28),(645,'2020-03-14',28),(646,'2020-03-15',28),(647,'2019-11-09',28),(648,'2019-11-10',28),(649,'2019-10-28',28),(650,'2019-10-29',28),(651,'2019-10-30',28),(652,'2019-12-09',28),(653,'2019-12-10',28),(654,'2019-12-11',28),(655,'2019-12-12',28),(656,'2020-02-04',28),(657,'2020-02-05',28),(658,'2020-02-06',28),(659,'2019-12-22',28),(660,'2019-12-23',28),(661,'2019-12-24',28),(662,'2019-11-25',28),(663,'2019-11-26',28),(664,'2019-11-27',28),(665,'2019-11-28',28),(666,'2020-02-04',28),(667,'2020-02-05',28),(668,'2020-02-06',28),(669,'2020-02-07',28),(670,'2020-03-13',28),(671,'2020-03-14',28),(672,'2020-03-15',28),(673,'2020-02-27',28),(674,'2020-02-28',28),(675,'2020-01-15',28),(676,'2020-01-16',28),(677,'2020-01-17',28),(678,'2020-01-18',28),(679,'2019-12-03',28),(680,'2019-12-04',28),(681,'2019-12-05',28),(682,'2020-01-19',29),(683,'2020-01-20',29),(684,'2020-01-21',29),(685,'2019-10-24',29),(686,'2019-10-25',29),(687,'2019-10-26',29),(688,'2019-10-27',29),(689,'2019-12-28',29),(690,'2019-12-29',29),(691,'2019-12-30',29),(692,'2020-04-01',29),(693,'2020-04-02',29),(694,'2020-04-03',29),(695,'2020-04-04',29),(696,'2020-01-14',29),(697,'2020-01-15',29),(698,'2020-01-16',29),(699,'2020-01-17',29),(700,'2019-12-26',29),(701,'2019-12-27',29),(702,'2019-12-28',29),(703,'2019-12-29',29),(704,'2020-02-27',29),(705,'2020-02-28',29),(706,'2019-12-30',29),(707,'2019-12-31',29),(708,'2020-01-01',29),(709,'2020-01-02',29),(710,'2020-02-27',29),(711,'2020-02-28',29),(712,'2020-01-20',29),(713,'2020-01-21',29),(714,'2020-01-22',29),(715,'2020-01-23',29),(716,'2019-11-10',29),(717,'2019-11-11',29),(718,'2020-04-08',30),(719,'2020-04-09',30),(720,'2019-12-04',30),(721,'2019-12-05',30),(722,'2019-12-06',30),(723,'2020-02-06',30),(724,'2020-02-07',30),(725,'2020-02-08',30),(726,'2020-01-25',30),(727,'2020-01-26',30),(728,'2020-01-27',30),(729,'2020-03-11',30),(730,'2020-03-12',30),(731,'2020-03-13',30),(732,'2020-01-19',30),(733,'2020-01-20',30),(734,'2020-01-21',30),(735,'2020-01-22',30),(736,'2020-01-26',30),(737,'2020-01-27',30),(738,'2019-12-29',31),(739,'2019-12-30',31),(740,'2019-12-31',31),(741,'2020-01-01',31),(742,'2020-03-02',31),(743,'2020-03-03',31),(744,'2020-02-26',31),(745,'2020-02-27',31),(746,'2020-04-02',31),(747,'2020-04-03',31),(748,'2020-04-04',31),(749,'2019-12-06',31),(750,'2019-12-07',31),(751,'2019-12-08',31),(752,'2019-12-09',31),(753,'2019-12-24',31),(754,'2019-12-25',31),(755,'2020-02-02',31),(756,'2020-02-03',31),(757,'2020-02-04',31),(758,'2019-12-01',31),(759,'2019-12-02',31),(760,'2019-12-03',31),(761,'2019-12-04',31),(762,'2020-03-02',31),(763,'2020-03-03',31),(764,'2020-01-29',31),(765,'2020-01-30',31),(766,'2020-01-31',31),(767,'2020-02-01',31),(768,'2019-11-29',31),(769,'2019-11-30',31),(770,'2020-01-18',32),(771,'2020-01-19',32),(772,'2020-01-20',32),(773,'2019-12-15',32),(774,'2019-12-16',32),(775,'2020-01-02',32),(776,'2020-01-03',32),(777,'2019-11-13',32),(778,'2019-11-14',32),(779,'2019-11-15',32),(780,'2020-01-01',32),(781,'2020-01-02',32),(782,'2020-01-21',32),(783,'2020-01-22',32),(784,'2019-10-30',32),(785,'2019-10-31',32),(786,'2019-11-01',32),(787,'2019-11-02',32),(788,'2020-03-15',32),(789,'2020-03-16',32),(790,'2020-01-30',33),(791,'2020-01-31',33),(792,'2019-12-13',33),(793,'2019-12-14',33),(794,'2020-02-25',33),(795,'2020-02-26',33),(796,'2020-02-27',33),(797,'2020-03-07',33),(798,'2020-03-08',33),(799,'2020-03-09',33),(800,'2020-03-10',33),(801,'2020-01-06',33),(802,'2020-01-07',33),(803,'2020-01-08',33),(804,'2020-01-09',33),(805,'2020-03-12',33),(806,'2020-03-13',33),(807,'2020-03-14',33),(808,'2020-03-21',34),(809,'2020-03-22',34),(810,'2020-03-23',34),(811,'2020-03-24',34),(812,'2020-01-19',34),(813,'2020-01-20',34),(814,'2020-01-21',34),(815,'2019-10-30',34),(816,'2019-10-31',34),(817,'2019-11-01',34),(818,'2019-11-15',34),(819,'2019-11-16',34),(820,'2019-11-07',34),(821,'2019-11-08',34),(822,'2019-11-09',34),(823,'2020-02-08',34),(824,'2020-02-09',34),(825,'2020-03-12',34),(826,'2020-03-13',34),(827,'2020-03-14',34),(828,'2020-01-25',34),(829,'2020-01-26',34),(830,'2019-10-28',34),(831,'2019-10-29',34),(832,'2019-10-30',34),(833,'2019-12-08',34),(834,'2019-12-09',34),(835,'2019-12-10',34),(836,'2019-12-11',34),(837,'2020-02-10',34),(838,'2020-02-11',34),(839,'2020-02-10',34),(840,'2020-02-11',34),(841,'2020-02-12',34),(842,'2020-02-13',34),(843,'2020-02-16',35),(844,'2020-02-17',35),(845,'2020-01-22',35),(846,'2020-01-23',35),(847,'2020-04-21',35),(848,'2020-04-22',35),(849,'2020-04-23',35),(850,'2020-03-01',35),(851,'2020-03-02',35),(852,'2019-12-13',35),(853,'2019-12-14',35),(854,'2020-02-22',36),(855,'2020-02-23',36),(856,'2020-02-24',36),(857,'2020-02-25',36),(858,'2020-04-03',36),(859,'2020-04-04',36),(860,'2020-04-05',36),(861,'2020-04-06',36),(862,'2019-11-23',36),(863,'2019-11-24',36),(864,'2019-11-25',36),(865,'2019-11-26',36),(866,'2020-04-14',36),(867,'2020-04-15',36),(868,'2020-04-16',36),(869,'2020-01-15',36),(870,'2020-01-16',36),(871,'2020-01-17',36),(872,'2019-10-28',36),(873,'2019-10-29',36),(874,'2019-10-30',36),(875,'2019-10-31',36),(876,'2020-01-24',36),(877,'2020-01-25',36),(878,'2020-01-26',36),(879,'2020-01-08',36),(880,'2020-01-09',36),(881,'2019-10-31',36),(882,'2019-11-01',36),(883,'2019-11-02',36),(884,'2020-02-20',36),(885,'2020-02-21',36),(886,'2020-02-17',36),(887,'2020-02-18',36),(888,'2020-02-19',36),(889,'2020-02-20',36),(890,'2020-03-03',36),(891,'2020-03-04',36),(892,'2020-03-05',36),(893,'2019-12-07',36),(894,'2019-12-08',36),(895,'2019-12-10',36),(896,'2019-12-11',36),(897,'2020-04-08',37),(898,'2020-04-09',37),(899,'2020-04-10',37),(900,'2020-04-11',37),(901,'2020-02-05',37),(902,'2020-02-06',37),(903,'2020-01-30',37),(904,'2020-01-31',37),(905,'2020-01-16',37),(906,'2020-01-17',37),(907,'2020-01-18',37),(908,'2020-01-19',37),(909,'2019-12-22',38),(910,'2019-12-23',38),(911,'2019-12-24',38),(912,'2020-04-20',38),(913,'2020-04-21',38),(914,'2020-04-22',38),(915,'2020-04-23',38),(916,'2019-11-10',38),(917,'2019-11-11',38),(918,'2019-11-12',38),(919,'2019-12-29',38),(920,'2019-12-30',38),(921,'2019-10-31',38),(922,'2019-11-01',38),(923,'2019-11-02',38),(924,'2020-04-12',38),(925,'2020-04-13',38),(926,'2020-02-06',38),(927,'2020-02-07',38),(928,'2020-02-08',38),(929,'2019-12-28',38),(930,'2019-12-29',38),(931,'2019-12-30',38),(932,'2019-12-31',38),(933,'2019-11-18',38),(934,'2019-11-19',38),(935,'2019-11-20',38),(936,'2019-11-21',38),(937,'2020-04-09',39),(938,'2020-04-10',39),(939,'2020-04-11',39),(940,'2020-04-12',39),(941,'2020-04-20',39),(942,'2020-04-21',39),(943,'2020-04-22',39),(944,'2019-11-25',39),(945,'2019-11-26',39),(946,'2019-11-27',39),(947,'2019-11-28',39),(948,'2020-02-05',39),(949,'2020-02-06',39),(950,'2020-02-07',39),(951,'2019-12-22',39),(952,'2019-12-23',39),(953,'2019-12-24',39),(954,'2019-12-25',39),(955,'2019-12-16',39),(956,'2019-12-17',39),(957,'2019-12-18',39),(958,'2019-12-19',39),(959,'2019-12-15',39),(960,'2019-12-16',39),(961,'2019-10-29',39),(962,'2019-10-30',39),(963,'2019-10-31',39),(964,'2019-12-07',39),(965,'2019-12-08',39),(966,'2019-12-09',39),(967,'2020-03-25',39),(968,'2020-03-26',39),(969,'2020-03-27',39),(970,'2020-03-10',39),(971,'2020-03-11',39),(972,'2019-12-08',39),(973,'2019-12-09',39),(974,'2019-12-10',39),(975,'2019-12-11',39),(976,'2020-03-30',39),(977,'2020-03-31',39),(978,'2020-02-14',39),(979,'2020-02-15',39),(980,'2020-02-16',39),(981,'2020-03-22',40),(982,'2020-03-23',40),(983,'2020-02-02',40),(984,'2020-02-03',40),(985,'2020-02-04',40),(986,'2019-11-09',40),(987,'2019-11-10',40),(988,'2019-11-11',40),(989,'2020-03-12',40),(990,'2020-03-13',40),(991,'2020-03-27',40),(992,'2020-03-28',40),(993,'2020-03-29',40),(994,'2020-04-08',40),(995,'2020-04-09',40),(996,'2020-04-10',40),(997,'2019-10-28',40),(998,'2019-10-29',40),(999,'2019-10-30',40),(1000,'2019-10-31',40),(1001,'2019-11-03',40),(1002,'2019-11-04',40),(1003,'2019-11-05',40),(1004,'2019-11-06',40),(1005,'2019-12-05',40),(1006,'2019-12-06',40),(1007,'2019-12-07',40),(1008,'2019-12-07',40),(1009,'2019-12-08',40),(1010,'2019-12-09',40),(1011,'2019-12-10',40),(1012,'2020-01-25',40),(1013,'2020-01-26',40),(1014,'2020-01-27',40),(1015,'2020-01-28',40),(1016,'2020-02-16',40),(1017,'2020-02-17',40),(1018,'2020-01-03',40),(1019,'2020-01-04',40),(1020,'2020-03-05',41),(1021,'2020-03-06',41),(1022,'2019-11-20',41),(1023,'2019-11-21',41),(1024,'2020-01-04',41),(1025,'2020-01-05',41),(1026,'2020-03-10',42),(1027,'2020-03-11',42),(1028,'2020-03-12',42),(1029,'2020-03-13',42),(1030,'2020-04-16',43),(1031,'2020-04-17',43),(1032,'2020-04-18',43),(1033,'2020-04-19',43),(1034,'2019-11-16',43),(1035,'2019-11-17',43),(1036,'2020-01-25',43),(1037,'2020-01-26',43),(1038,'2020-02-02',43),(1039,'2020-02-03',43),(1040,'2020-02-04',43),(1041,'2020-02-05',43),(1042,'2020-02-11',43),(1043,'2020-02-12',43),(1044,'2020-03-03',43),(1045,'2020-03-04',43),(1046,'2020-03-05',43),(1047,'2020-03-26',43),(1048,'2020-03-27',43),(1049,'2019-10-28',43),(1050,'2019-10-29',43),(1051,'2019-10-30',43),(1052,'2020-04-21',43),(1053,'2020-04-22',43),(1054,'2020-04-23',43),(1055,'2020-04-24',43),(1056,'2020-01-10',43),(1057,'2020-01-11',43),(1058,'2020-01-12',43),(1059,'2020-01-13',43),(1060,'2020-04-15',43),(1061,'2020-04-16',43),(1062,'2019-11-24',43),(1063,'2019-11-25',43),(1064,'2019-11-26',43),(1065,'2019-11-27',43),(1066,'2020-01-02',43),(1067,'2020-01-03',43),(1068,'2020-01-04',43),(1069,'2020-01-05',43),(1070,'2020-03-03',44),(1071,'2020-03-04',44),(1072,'2019-11-12',44),(1073,'2019-11-13',44),(1074,'2019-11-14',44),(1075,'2019-11-13',44),(1076,'2019-11-14',44),(1077,'2019-11-15',44),(1078,'2019-11-16',44),(1079,'2020-03-25',44),(1080,'2020-03-26',44),(1081,'2020-03-27',44),(1082,'2020-03-28',44),(1083,'2020-03-09',44),(1084,'2020-03-10',44),(1085,'2020-03-08',44),(1086,'2020-03-09',44),(1087,'2020-03-10',44),(1088,'2020-02-15',44),(1089,'2020-02-16',44),(1090,'2020-02-17',44),(1091,'2020-03-31',44),(1092,'2020-04-01',44),(1093,'2020-04-02',44),(1094,'2020-04-03',44),(1095,'2020-02-19',44),(1096,'2020-02-20',44),(1097,'2020-02-21',44),(1098,'2020-03-03',45),(1099,'2020-03-04',45),(1100,'2020-03-05',45),(1101,'2020-03-06',45),(1102,'2020-02-27',45),(1103,'2020-02-28',45),(1104,'2020-04-22',45),(1105,'2020-04-23',45),(1106,'2020-04-24',45),(1107,'2020-02-10',46),(1108,'2020-02-11',46),(1109,'2020-02-12',46),(1110,'2019-11-07',46),(1111,'2019-11-08',46),(1112,'2019-11-27',46),(1113,'2019-11-28',46),(1114,'2019-12-23',46),(1115,'2019-12-24',46),(1116,'2019-12-25',46),(1117,'2019-12-26',46),(1118,'2020-04-12',47),(1119,'2020-04-13',47),(1120,'2020-02-09',47),(1121,'2020-02-10',47),(1122,'2020-02-11',47),(1123,'2020-02-17',47),(1124,'2020-02-18',47),(1125,'2020-04-06',48),(1126,'2020-04-07',48),(1127,'2020-04-08',48),(1128,'2020-01-14',48),(1129,'2020-01-15',48),(1130,'2020-04-06',48),(1131,'2020-04-07',48),(1132,'2020-04-08',48),(1133,'2019-12-12',48),(1134,'2019-12-13',48),(1135,'2019-12-26',48),(1136,'2019-12-27',48),(1137,'2019-12-28',48),(1138,'2020-02-04',48),(1139,'2020-02-05',48),(1140,'2020-02-06',48),(1141,'2020-02-05',48),(1142,'2020-02-06',48),(1143,'2020-04-15',48),(1144,'2020-04-16',48),(1145,'2020-04-17',48),(1146,'2019-12-13',48),(1147,'2019-12-14',48),(1148,'2019-12-15',48),(1149,'2019-12-24',48),(1150,'2019-12-25',48),(1151,'2019-12-26',48),(1152,'2019-12-27',48),(1153,'2019-11-14',48),(1154,'2019-11-15',48),(1155,'2019-11-23',48),(1156,'2019-11-24',48),(1157,'2019-11-25',48),(1158,'2019-11-26',48),(1159,'2020-03-01',48),(1160,'2020-03-02',48),(1161,'2019-11-24',49),(1162,'2019-11-25',49),(1163,'2019-11-26',49),(1164,'2019-11-27',49),(1165,'2020-04-06',49),(1166,'2020-04-07',49),(1167,'2020-04-08',49),(1168,'2019-12-04',49),(1169,'2019-12-05',49),(1170,'2019-12-06',49),(1171,'2020-03-18',49),(1172,'2020-03-19',49),(1173,'2020-03-20',49),(1174,'2020-01-26',49),(1175,'2020-01-27',49),(1176,'2020-01-28',49),(1177,'2019-12-31',49),(1178,'2020-01-01',49),(1179,'2019-11-22',49),(1180,'2019-11-23',49),(1181,'2019-11-24',49),(1182,'2019-11-25',49),(1183,'2020-03-11',49),(1184,'2020-03-12',49),(1185,'2020-03-13',49),(1186,'2020-03-14',49),(1187,'2020-01-06',49),(1188,'2020-01-07',49),(1189,'2020-01-08',49),(1190,'2020-01-09',49),(1191,'2020-03-17',49),(1192,'2020-03-18',49),(1193,'2020-04-04',50),(1194,'2020-04-05',50),(1195,'2019-11-24',50),(1196,'2019-11-25',50),(1197,'2020-02-03',50),(1198,'2020-02-04',50),(1199,'2019-11-21',51),(1200,'2019-11-22',51),(1201,'2019-11-23',51),(1202,'2020-02-03',52),(1203,'2020-02-04',52),(1204,'2020-02-05',52),(1205,'2020-01-06',52),(1206,'2020-01-07',52),(1207,'2020-04-21',52),(1208,'2020-04-22',52),(1209,'2019-11-22',52),(1210,'2019-11-23',52),(1211,'2019-11-24',52),(1212,'2019-11-25',52),(1213,'2020-03-15',53),(1214,'2020-03-16',53),(1215,'2020-03-14',53),(1216,'2020-03-15',53),(1217,'2020-03-16',53),(1218,'2020-03-17',53),(1219,'2019-12-30',53),(1220,'2019-12-31',53),(1221,'2019-12-09',53),(1222,'2019-12-10',53),(1223,'2020-01-04',53),(1224,'2020-01-05',53),(1225,'2020-01-06',53),(1226,'2020-01-07',53),(1227,'2020-03-03',53),(1228,'2020-03-04',53),(1229,'2020-03-08',53),(1230,'2020-03-09',53),(1231,'2020-03-10',53),(1232,'2020-03-11',53),(1233,'2019-12-11',54),(1234,'2019-12-12',54),(1235,'2020-04-03',55),(1236,'2020-04-04',55),(1237,'2020-04-05',55),(1238,'2019-11-08',55),(1239,'2019-11-09',55),(1240,'2019-11-10',55),(1241,'2019-12-09',55),(1242,'2019-12-10',55),(1243,'2019-12-11',55),(1244,'2019-12-12',55),(1245,'2020-04-15',55),(1246,'2020-04-16',55),(1247,'2020-04-17',55),(1248,'2020-04-12',55),(1249,'2020-04-13',55),(1250,'2020-04-14',55),(1251,'2020-04-15',55),(1252,'2019-11-21',56),(1253,'2019-11-22',56),(1254,'2019-11-23',56),(1255,'2020-02-26',56),(1256,'2020-02-27',56),(1257,'2020-03-23',56),(1258,'2020-03-24',56),(1259,'2020-03-25',56),(1260,'2020-03-26',56),(1261,'2019-12-22',57),(1262,'2019-12-23',57),(1263,'2019-12-24',57),(1264,'2019-12-25',57),(1265,'2020-01-29',57),(1266,'2020-01-30',57),(1267,'2019-12-02',57),(1268,'2019-12-03',57),(1269,'2019-12-04',57),(1270,'2020-04-19',57),(1271,'2020-04-20',57),(1272,'2020-04-21',57),(1273,'2019-12-09',57),(1274,'2019-12-10',57),(1275,'2020-01-03',57),(1276,'2020-01-04',57),(1277,'2020-01-05',57),(1278,'2020-01-06',57),(1279,'2019-12-19',57),(1280,'2019-12-20',57),(1281,'2019-12-21',57),(1282,'2020-03-17',57),(1283,'2020-03-18',57),(1284,'2019-12-16',57),(1285,'2019-12-17',57),(1286,'2020-01-06',57),(1287,'2020-01-07',57),(1288,'2020-01-08',57),(1289,'2020-01-09',57),(1290,'2020-03-31',58),(1291,'2020-04-01',58),(1292,'2020-04-02',58),(1293,'2020-04-03',58),(1294,'2020-04-09',58),(1295,'2020-04-10',58),(1296,'2019-11-19',58),(1297,'2019-11-20',58),(1298,'2019-12-18',58),(1299,'2019-12-19',58),(1300,'2020-01-13',58),(1301,'2020-01-14',58),(1302,'2020-01-15',58),(1303,'2020-02-06',58),(1304,'2020-02-07',58),(1305,'2020-02-08',58),(1306,'2020-02-09',58),(1307,'2020-02-14',58),(1308,'2020-02-15',58),(1309,'2020-02-16',58),(1310,'2019-12-02',58),(1311,'2019-12-03',58),(1312,'2019-12-04',58),(1313,'2019-12-05',58),(1314,'2020-03-23',58),(1315,'2020-03-24',58),(1316,'2020-04-01',58),(1317,'2020-04-02',58),(1318,'2020-01-06',58),(1319,'2020-01-07',58),(1320,'2020-01-08',58),(1321,'2020-01-09',58),(1322,'2019-10-22',58),(1323,'2019-10-23',58),(1324,'2020-03-23',59),(1325,'2020-03-24',59),(1326,'2020-03-25',59),(1327,'2020-03-26',59),(1328,'2020-02-27',60),(1329,'2020-02-28',60),(1330,'2020-02-29',60),(1331,'2020-03-01',60),(1332,'2019-12-24',60),(1333,'2019-12-25',60),(1334,'2019-12-26',60),(1335,'2019-12-27',60),(1336,'2019-11-09',60),(1337,'2019-11-10',60),(1338,'2019-11-11',60),(1339,'2019-12-15',60),(1340,'2019-12-16',60),(1341,'2019-12-17',60),(1342,'2019-12-18',60),(1343,'2019-11-27',60),(1344,'2019-11-28',60),(1345,'2019-11-29',60),(1346,'2020-01-10',60),(1347,'2020-01-11',60),(1348,'2019-11-23',60),(1349,'2019-11-24',60),(1350,'2019-11-25',60),(1351,'2019-11-26',60),(1352,'2019-12-22',60),(1353,'2019-12-23',60),(1354,'2020-04-21',60),(1355,'2020-04-22',60),(1356,'2020-02-16',60),(1357,'2020-02-17',60),(1358,'2020-02-18',60),(1359,'2020-02-19',60),(1360,'2020-03-06',60),(1361,'2020-03-07',60),(1362,'2020-04-17',61),(1363,'2020-04-18',61),(1364,'2020-04-19',61),(1365,'2019-10-22',61),(1366,'2019-10-23',61),(1367,'2019-10-24',61),(1368,'2019-12-05',61),(1369,'2019-12-06',61),(1370,'2019-12-07',61),(1371,'2019-12-08',61),(1372,'2020-03-24',61),(1373,'2020-03-25',61),(1374,'2020-03-26',61),(1375,'2020-03-27',61),(1376,'2019-11-16',61),(1377,'2019-11-17',61),(1378,'2020-04-11',61),(1379,'2020-04-12',61),(1380,'2020-04-13',61),(1381,'2020-03-03',61),(1382,'2020-03-04',61),(1383,'2019-11-13',61),(1384,'2019-11-14',61),(1385,'2019-11-15',61),(1386,'2019-11-16',61),(1387,'2020-03-07',62),(1388,'2020-03-08',62),(1389,'2020-03-09',62),(1390,'2020-03-28',62),(1391,'2020-03-29',62),(1392,'2020-01-09',62),(1393,'2020-01-10',62),(1394,'2020-01-11',62),(1395,'2020-03-07',62),(1396,'2020-03-08',62),(1397,'2020-03-09',62),(1398,'2020-03-10',62),(1399,'2020-03-01',62),(1400,'2020-03-02',62),(1401,'2020-03-03',62),(1402,'2020-03-04',62),(1403,'2020-03-09',62),(1404,'2020-03-10',62),(1405,'2019-11-25',62),(1406,'2019-11-26',62),(1407,'2019-12-16',62),(1408,'2019-12-17',62),(1409,'2020-03-21',62),(1410,'2020-03-22',62),(1411,'2020-03-23',62),(1412,'2019-11-16',62),(1413,'2019-11-17',62),(1414,'2019-11-18',62),(1415,'2019-12-14',63),(1416,'2019-12-15',63),(1417,'2019-12-16',63),(1418,'2020-01-23',63),(1419,'2020-01-24',63),(1420,'2020-02-06',63),(1421,'2020-02-07',63),(1422,'2020-02-08',63),(1423,'2020-02-09',63),(1424,'2020-03-10',63),(1425,'2020-03-11',63),(1426,'2020-03-12',63),(1427,'2019-10-28',63),(1428,'2019-10-29',63),(1429,'2019-10-30',63),(1430,'2019-10-31',63),(1431,'2020-03-21',63),(1432,'2020-03-22',63),(1433,'2020-03-23',63),(1434,'2020-03-24',63),(1435,'2020-03-18',63),(1436,'2020-03-19',63),(1437,'2020-02-12',63),(1438,'2020-02-13',63),(1439,'2020-02-14',63),(1440,'2020-02-15',63),(1441,'2020-02-29',63),(1442,'2020-03-01',63),(1443,'2020-01-23',63),(1444,'2020-01-24',63),(1445,'2020-03-02',63),(1446,'2020-03-03',63),(1447,'2020-01-30',63),(1448,'2020-01-31',63),(1449,'2019-12-26',64),(1450,'2019-12-27',64),(1451,'2019-11-04',64),(1452,'2019-11-05',64),(1453,'2019-11-06',64),(1454,'2019-11-07',64),(1455,'2020-01-31',64),(1456,'2020-02-01',64),(1457,'2020-02-02',64),(1458,'2019-11-28',65),(1459,'2019-11-29',65),(1460,'2020-04-22',65),(1461,'2020-04-23',65),(1462,'2020-04-24',65),(1463,'2020-04-25',65),(1464,'2020-04-15',65),(1465,'2020-04-16',65),(1466,'2020-04-17',65),(1467,'2020-04-18',65),(1468,'2020-03-25',65),(1469,'2020-03-26',65),(1470,'2020-04-04',65),(1471,'2020-04-05',65),(1472,'2020-01-25',65),(1473,'2020-01-26',65),(1474,'2020-01-27',65),(1475,'2020-03-31',65),(1476,'2020-04-01',65),(1477,'2020-04-02',65),(1478,'2020-03-03',65),(1479,'2020-03-04',65),(1480,'2020-03-05',65),(1481,'2020-03-06',65),(1482,'2019-11-17',65),(1483,'2019-11-18',65),(1484,'2020-02-18',65),(1485,'2020-02-19',65),(1486,'2019-11-27',65),(1487,'2019-11-28',65),(1488,'2019-11-29',65),(1489,'2019-11-30',65),(1490,'2020-03-28',65),(1491,'2020-03-29',65),(1492,'2020-03-30',65),(1493,'2020-03-31',65),(1494,'2019-11-13',65),(1495,'2019-11-14',65),(1496,'2020-04-19',65),(1497,'2020-04-20',65),(1498,'2020-04-21',65),(1499,'2020-04-22',65),(1500,'2020-03-16',66),(1501,'2020-03-17',66),(1502,'2020-03-18',66),(1503,'2019-11-13',66),(1504,'2019-11-14',66),(1505,'2020-02-10',66),(1506,'2020-02-11',66),(1507,'2020-02-12',66),(1508,'2020-02-13',66),(1509,'2019-11-16',66),(1510,'2019-11-17',66),(1511,'2019-11-18',66),(1512,'2020-02-24',66),(1513,'2020-02-25',66),(1514,'2020-02-26',66),(1515,'2020-02-27',66),(1516,'2019-12-25',66),(1517,'2019-12-26',66),(1518,'2019-12-27',66),(1519,'2019-12-28',66),(1520,'2019-11-16',66),(1521,'2019-11-17',66),(1522,'2019-11-18',66),(1523,'2019-11-19',66),(1524,'2020-02-19',67),(1525,'2020-02-20',67),(1526,'2020-02-21',67),(1527,'2020-02-03',67),(1528,'2020-02-04',67),(1529,'2020-01-13',67),(1530,'2020-01-14',67),(1531,'2019-12-10',67),(1532,'2019-12-11',67),(1533,'2019-12-12',67),(1534,'2019-12-13',67),(1535,'2019-10-26',67),(1536,'2019-10-27',67),(1537,'2019-10-28',67),(1538,'2019-12-21',67),(1539,'2019-12-22',67),(1540,'2020-01-07',67),(1541,'2020-01-08',67),(1542,'2019-12-01',67),(1543,'2019-12-02',67),(1544,'2020-04-14',67),(1545,'2020-04-15',67),(1546,'2020-04-16',67),(1547,'2020-04-17',67),(1548,'2020-01-05',67),(1549,'2020-01-06',67),(1550,'2019-11-14',67),(1551,'2019-11-15',67),(1552,'2019-11-16',67),(1553,'2019-12-28',67),(1554,'2019-12-29',67),(1555,'2020-02-12',67),(1556,'2020-02-13',67),(1557,'2020-04-01',67),(1558,'2020-04-02',67),(1559,'2020-04-03',67),(1560,'2020-04-04',67),(1561,'2020-01-30',68),(1562,'2020-01-31',68),(1563,'2019-11-13',68),(1564,'2019-11-14',68),(1565,'2019-11-15',68),(1566,'2020-04-08',68),(1567,'2020-04-09',68),(1568,'2020-04-10',68),(1569,'2020-04-11',68),(1570,'2019-11-21',68),(1571,'2019-11-22',68),(1572,'2019-11-23',68),(1573,'2019-12-04',68),(1574,'2019-12-05',68),(1575,'2019-12-06',68),(1576,'2020-02-13',68),(1577,'2020-02-14',68),(1578,'2020-02-15',68),(1579,'2020-02-10',68),(1580,'2020-02-11',68),(1581,'2020-03-21',68),(1582,'2020-03-22',68),(1583,'2020-03-23',68),(1584,'2020-03-24',68),(1585,'2019-11-13',68),(1586,'2019-11-14',68),(1587,'2019-10-23',68),(1588,'2019-10-24',68),(1589,'2019-10-25',68),(1590,'2019-10-24',68),(1591,'2019-10-25',68),(1592,'2019-10-26',68),(1593,'2019-10-27',68),(1594,'2020-04-01',68),(1595,'2020-04-02',68),(1596,'2020-04-03',68),(1597,'2020-01-08',68),(1598,'2020-01-09',68),(1599,'2020-01-10',68),(1600,'2020-01-11',68),(1601,'2020-03-04',68),(1602,'2020-03-05',68),(1603,'2020-03-06',68),(1604,'2020-01-01',69),(1605,'2020-01-02',69),(1606,'2020-01-03',69),(1607,'2019-12-20',69),(1608,'2019-12-21',69),(1609,'2019-12-22',69),(1610,'2019-12-23',69),(1611,'2020-04-13',70),(1612,'2020-04-14',70),(1613,'2019-11-28',70),(1614,'2019-11-29',70),(1615,'2020-01-23',70),(1616,'2020-01-24',70),(1617,'2020-01-25',70),(1618,'2020-01-16',70),(1619,'2020-01-17',70),(1620,'2020-01-18',70),(1621,'2020-01-19',70),(1622,'2019-12-27',70),(1623,'2019-12-28',70),(1624,'2019-11-20',70),(1625,'2019-11-21',70),(1626,'2020-03-11',70),(1627,'2020-03-12',70),(1628,'2019-11-13',70),(1629,'2019-11-14',70),(1630,'2019-11-15',70),(1631,'2019-11-16',70),(1632,'2020-02-14',70),(1633,'2020-02-15',70),(1634,'2019-10-29',70),(1635,'2019-10-30',70),(1636,'2019-11-26',70),(1637,'2019-11-27',70),(1638,'2019-11-28',70),(1639,'2020-02-29',71),(1640,'2020-03-01',71),(1641,'2020-03-02',71),(1642,'2019-12-23',71),(1643,'2019-12-24',71),(1644,'2019-12-25',71),(1645,'2020-01-14',71),(1646,'2020-01-15',71),(1647,'2019-12-29',71),(1648,'2019-12-30',71),(1649,'2019-12-31',71),(1650,'2020-01-01',71),(1651,'2019-12-13',71),(1652,'2019-12-14',71),(1653,'2019-12-15',71),(1654,'2020-01-22',71),(1655,'2020-01-23',71),(1656,'2020-01-26',71),(1657,'2020-01-27',71),(1658,'2019-12-01',71),(1659,'2019-12-02',71),(1660,'2019-12-03',71),(1661,'2019-11-15',71),(1662,'2019-11-16',71),(1663,'2019-11-17',71),(1664,'2020-01-31',71),(1665,'2020-02-01',71),(1666,'2020-02-02',71),(1667,'2020-01-25',72),(1668,'2020-01-26',72),(1669,'2020-01-27',72),(1670,'2019-12-30',72),(1671,'2019-12-31',72),(1672,'2020-01-01',72),(1673,'2020-02-29',72),(1674,'2020-03-01',72),(1675,'2020-04-13',72),(1676,'2020-04-14',72),(1677,'2020-04-15',72),(1678,'2020-04-16',72),(1679,'2019-12-31',72),(1680,'2020-01-01',72),(1681,'2019-10-26',72),(1682,'2019-10-27',72),(1683,'2019-11-14',72),(1684,'2019-11-15',72),(1685,'2019-11-16',72),(1686,'2019-11-17',72),(1687,'2020-04-18',72),(1688,'2020-04-19',72),(1689,'2020-04-20',72),(1690,'2020-04-21',72),(1691,'2019-12-07',72),(1692,'2019-12-08',72),(1693,'2019-12-09',72),(1694,'2019-12-10',72),(1695,'2019-12-12',72),(1696,'2019-12-13',72),(1697,'2020-04-20',72),(1698,'2020-04-21',72),(1699,'2020-04-22',72),(1700,'2020-04-23',72),(1701,'2020-01-13',72),(1702,'2020-01-14',72),(1703,'2020-03-22',72),(1704,'2020-03-23',72),(1705,'2019-11-28',73),(1706,'2019-11-29',73),(1707,'2019-11-30',73),(1708,'2019-12-01',73),(1709,'2020-03-18',73),(1710,'2020-03-19',73),(1711,'2020-01-23',73),(1712,'2020-01-24',73),(1713,'2020-01-25',73),(1714,'2019-11-04',73),(1715,'2019-11-05',73),(1716,'2019-11-06',73),(1717,'2019-11-23',73),(1718,'2019-11-22',73),(1719,'2019-11-24',73),(1720,'2020-01-04',73),(1721,'2020-01-05',73),(1722,'2020-01-06',73),(1723,'2020-02-15',73),(1724,'2020-02-16',73),(1725,'2020-02-17',73),(1726,'2020-02-18',73),(1727,'2020-02-03',73),(1728,'2020-02-04',73),(1729,'2020-02-08',73),(1730,'2020-02-09',73),(1731,'2020-02-10',73),(1732,'2019-11-28',73),(1733,'2019-11-29',73),(1734,'2019-11-30',73),(1735,'2019-12-01',73),(1736,'2019-10-27',73),(1737,'2019-10-28',73),(1738,'2020-03-24',73),(1739,'2020-03-25',73),(1740,'2020-04-14',73),(1741,'2020-04-15',73),(1742,'2020-01-14',74),(1743,'2020-01-15',74),(1744,'2019-10-23',74),(1745,'2019-10-24',74),(1746,'2019-10-25',74),(1747,'2020-02-19',74),(1748,'2020-02-20',74),(1749,'2020-02-21',74),(1750,'2020-04-09',74),(1751,'2020-04-10',74),(1752,'2020-04-11',74),(1753,'2019-12-11',74),(1754,'2019-12-12',74),(1755,'2019-12-13',74),(1756,'2020-01-19',74),(1757,'2020-01-20',74),(1758,'2020-01-19',74),(1759,'2020-01-20',74),(1760,'2020-01-24',74),(1761,'2020-01-25',74),(1762,'2020-01-26',74),(1763,'2020-04-21',74),(1764,'2020-04-22',74),(1765,'2020-04-23',74),(1766,'2019-10-31',74),(1767,'2019-11-01',74),(1768,'2020-03-22',74),(1769,'2020-03-23',74),(1770,'2020-03-24',74),(1771,'2019-12-06',75),(1772,'2019-12-07',75),(1773,'2020-04-08',75),(1774,'2020-04-09',75),(1775,'2019-11-10',75),(1776,'2019-11-11',75),(1777,'2019-11-12',75),(1778,'2019-11-13',75),(1779,'2020-04-02',75),(1780,'2020-04-03',75),(1781,'2020-04-04',75),(1782,'2019-11-09',75),(1783,'2019-11-10',75),(1784,'2019-11-11',75),(1785,'2019-11-22',75),(1786,'2019-11-23',75),(1787,'2019-11-24',75),(1788,'2019-11-12',75),(1789,'2019-11-13',75),(1790,'2019-11-14',75),(1791,'2020-01-25',75),(1792,'2020-01-26',75),(1793,'2020-01-27',75),(1794,'2020-01-28',75),(1795,'2020-03-16',75),(1796,'2020-03-17',75),(1797,'2020-03-18',75),(1798,'2019-12-22',76),(1799,'2019-12-23',76),(1800,'2019-11-24',76),(1801,'2019-11-25',76),(1802,'2019-11-26',76),(1803,'2020-04-02',76),(1804,'2020-04-03',76),(1805,'2020-02-27',76),(1806,'2020-02-28',76),(1807,'2020-02-29',76),(1808,'2020-03-01',76),(1809,'2019-10-23',76),(1810,'2019-10-24',76),(1811,'2019-10-25',76),(1812,'2020-02-27',76),(1813,'2020-02-28',76),(1814,'2020-02-29',76),(1815,'2020-01-02',76),(1816,'2020-01-03',76),(1817,'2020-01-04',76),(1818,'2019-11-16',76),(1819,'2019-11-17',76),(1820,'2020-02-04',77),(1821,'2020-02-05',77),(1822,'2020-02-06',77),(1823,'2020-02-07',77),(1824,'2020-02-09',77),(1825,'2020-02-10',77),(1826,'2020-02-02',77),(1827,'2020-02-03',77),(1828,'2019-11-29',77),(1829,'2019-11-30',77),(1830,'2019-12-01',77),(1831,'2019-12-02',77),(1832,'2020-03-16',77),(1833,'2020-03-17',77),(1834,'2020-03-18',77),(1835,'2020-03-19',77),(1836,'2019-12-08',77),(1837,'2019-12-09',77),(1838,'2020-03-07',77),(1839,'2020-03-08',77),(1840,'2020-02-25',77),(1841,'2020-02-26',77),(1842,'2020-02-27',77),(1843,'2020-01-26',77),(1844,'2020-01-27',77),(1845,'2020-01-28',77),(1846,'2020-01-29',77),(1847,'2019-12-10',78),(1848,'2019-12-11',78),(1849,'2020-01-18',78),(1850,'2020-01-19',78),(1851,'2020-01-20',78),(1852,'2020-01-21',78),(1853,'2020-01-05',78),(1854,'2020-01-06',78),(1855,'2020-01-07',78),(1856,'2019-11-23',78),(1857,'2019-11-24',78),(1858,'2019-11-25',78),(1859,'2019-11-26',78),(1860,'2020-04-07',78),(1861,'2020-04-08',78),(1862,'2020-03-01',78),(1863,'2020-03-02',78),(1864,'2020-04-05',78),(1865,'2020-04-06',78),(1866,'2020-04-07',78),(1867,'2020-04-08',78),(1868,'2020-02-21',78),(1869,'2020-02-22',78),(1870,'2020-02-23',78),(1871,'2020-02-24',78),(1872,'2019-12-16',78),(1873,'2019-12-17',78),(1874,'2020-01-03',79),(1875,'2020-01-04',79),(1876,'2019-12-12',79),(1877,'2019-12-13',79),(1878,'2020-01-24',79),(1879,'2020-01-25',79),(1880,'2020-01-26',79),(1881,'2020-01-27',79),(1882,'2020-03-29',79),(1883,'2020-03-30',79),(1884,'2019-11-17',79),(1885,'2019-11-18',79),(1886,'2020-03-20',79),(1887,'2020-03-21',79),(1888,'2020-03-22',79),(1889,'2019-12-23',79),(1890,'2019-12-24',79),(1891,'2019-12-25',79),(1892,'2019-12-16',79),(1893,'2019-12-17',79),(1894,'2019-12-18',79),(1895,'2019-12-19',79),(1896,'2019-10-27',79),(1897,'2019-10-28',79),(1898,'2019-10-29',79),(1899,'2019-10-30',79),(1900,'2020-03-30',79),(1901,'2020-03-31',79),(1902,'2020-04-01',79),(1903,'2020-01-05',80),(1904,'2020-01-06',80),(1905,'2019-12-19',80),(1906,'2019-12-20',80),(1907,'2019-12-21',80),(1908,'2019-12-02',80),(1909,'2019-12-03',80),(1910,'2020-03-22',80),(1911,'2020-03-23',80),(1912,'2020-03-24',80),(1913,'2020-03-25',80),(1914,'2019-10-31',80),(1915,'2019-11-01',80),(1916,'2019-11-02',80),(1917,'2020-01-31',80),(1918,'2020-02-01',80),(1919,'2019-10-28',81),(1920,'2019-10-29',81),(1921,'2019-10-30',81),(1922,'2019-11-04',81),(1923,'2019-11-05',81),(1924,'2019-11-06',81),(1925,'2019-11-07',81),(1926,'2019-11-18',81),(1927,'2019-11-19',81),(1928,'2019-11-20',81),(1929,'2020-02-13',81),(1930,'2020-02-14',81),(1931,'2020-01-05',81),(1932,'2020-01-06',81),(1933,'2020-01-07',81),(1934,'2020-01-08',81),(1935,'2019-12-07',81),(1936,'2019-12-08',81),(1937,'2019-12-09',81),(1938,'2019-12-10',81),(1939,'2019-11-29',81),(1940,'2019-11-30',81),(1941,'2020-02-21',81),(1942,'2020-02-22',81),(1943,'2020-02-23',81),(1944,'2020-02-24',81),(1945,'2019-12-25',81),(1946,'2019-12-26',81),(1947,'2020-04-02',81),(1948,'2020-04-03',81),(1949,'2020-03-11',82),(1950,'2020-03-12',82),(1951,'2020-04-13',82),(1952,'2020-04-14',82),(1953,'2020-04-15',82),(1954,'2020-01-18',82),(1955,'2020-01-19',82),(1956,'2020-01-20',82),(1957,'2020-01-21',82),(1958,'2019-10-22',83),(1959,'2019-10-23',83),(1960,'2019-12-05',83),(1961,'2019-12-06',83),(1962,'2019-12-07',83),(1963,'2019-11-24',83),(1964,'2019-11-25',83),(1965,'2019-11-26',83),(1966,'2020-03-22',83),(1967,'2020-03-24',83),(1968,'2020-03-23',83),(1969,'2020-02-20',83),(1970,'2020-02-21',83),(1971,'2020-02-22',83),(1972,'2019-12-23',83),(1973,'2019-12-24',83),(1974,'2020-04-05',83),(1975,'2020-04-06',83),(1976,'2020-02-28',84),(1977,'2020-02-29',84),(1978,'2020-03-01',84),(1979,'2020-03-02',84),(1980,'2020-04-10',84),(1981,'2020-04-11',84),(1982,'2020-04-12',84),(1983,'2020-04-13',84),(1984,'2020-01-20',84),(1985,'2020-01-21',84),(1986,'2020-01-22',84),(1987,'2019-12-08',84),(1988,'2019-12-09',84),(1989,'2020-02-07',84),(1990,'2020-02-08',84),(1991,'2020-02-09',84),(1992,'2019-10-26',84),(1993,'2019-10-27',84),(1994,'2019-10-28',84),(1995,'2020-04-03',84),(1996,'2020-04-04',84),(1997,'2020-04-05',84),(1998,'2019-11-14',84),(1999,'2019-11-15',84),(2000,'2019-11-16',84),(2001,'2019-11-20',84),(2002,'2019-11-21',84),(2003,'2019-11-22',84),(2004,'2020-04-01',84),(2005,'2020-04-02',84),(2006,'2020-04-03',84),(2007,'2019-11-04',84),(2008,'2019-11-05',84),(2009,'2019-11-08',85),(2010,'2019-11-09',85),(2011,'2020-02-16',85),(2012,'2020-02-17',85),(2013,'2020-02-18',85),(2014,'2020-02-19',85),(2015,'2019-11-19',85),(2016,'2019-11-20',85),(2017,'2019-11-13',85),(2018,'2019-11-14',85),(2019,'2019-11-15',85),(2020,'2019-11-16',85),(2021,'2019-10-25',85),(2022,'2019-10-26',85),(2023,'2019-10-27',85),(2024,'2019-10-28',85),(2025,'2020-04-12',86),(2026,'2020-04-13',86),(2027,'2020-04-14',86),(2028,'2020-04-15',86),(2029,'2019-11-29',86),(2030,'2019-11-30',86),(2031,'2019-12-01',86),(2032,'2019-12-02',86),(2033,'2020-03-11',86),(2034,'2020-03-12',86),(2035,'2020-03-13',86),(2036,'2020-03-14',86),(2037,'2020-03-06',86),(2038,'2020-03-07',86),(2039,'2020-03-14',86),(2040,'2020-03-15',86),(2041,'2020-03-16',86),(2042,'2020-04-12',86),(2043,'2020-04-13',86),(2044,'2020-04-14',86),(2045,'2020-01-05',86),(2046,'2020-01-06',86),(2047,'2020-03-21',86),(2048,'2020-03-22',86),(2049,'2020-03-23',86),(2050,'2019-10-28',86),(2051,'2019-10-29',86),(2052,'2020-01-22',87),(2053,'2020-01-23',87),(2054,'2020-03-29',87),(2055,'2020-03-30',87),(2056,'2020-03-31',87),(2057,'2020-01-18',87),(2058,'2020-01-19',87),(2059,'2020-01-20',87),(2060,'2020-01-21',87),(2061,'2020-03-10',87),(2062,'2020-03-11',87),(2063,'2020-03-12',87),(2064,'2020-03-13',87),(2065,'2020-02-05',87),(2066,'2020-02-06',87),(2067,'2020-02-07',87),(2068,'2019-11-10',87),(2069,'2019-11-11',87),(2070,'2019-11-12',87),(2071,'2019-11-13',87),(2072,'2020-02-29',87),(2073,'2020-03-01',87),(2074,'2020-03-02',87),(2075,'2019-11-21',87),(2076,'2019-11-22',87),(2077,'2019-11-23',87),(2078,'2019-11-24',87),(2079,'2020-01-28',87),(2080,'2020-01-29',87),(2081,'2020-01-30',87),(2082,'2020-01-31',87),(2083,'2020-03-18',87),(2084,'2020-03-19',87),(2085,'2019-12-07',87),(2086,'2019-12-08',87),(2087,'2019-12-09',87),(2088,'2020-03-11',87),(2089,'2020-03-12',87),(2090,'2020-03-13',87),(2091,'2020-03-14',87),(2092,'2020-04-03',87),(2093,'2020-04-04',87),(2094,'2020-01-12',88),(2095,'2020-01-13',88),(2096,'2020-02-28',88),(2097,'2020-02-29',88),(2098,'2020-03-12',88),(2099,'2020-03-13',88),(2100,'2020-03-14',88),(2101,'2020-03-06',88),(2102,'2020-03-07',88),(2103,'2020-03-08',88),(2104,'2020-03-09',88),(2105,'2019-10-23',88),(2106,'2019-10-24',88),(2107,'2019-12-02',89),(2108,'2019-12-03',89),(2109,'2019-12-04',89),(2110,'2019-12-05',89),(2111,'2019-11-12',89),(2112,'2019-11-13',89),(2113,'2019-12-30',89),(2114,'2019-12-31',89),(2115,'2019-12-22',89),(2116,'2019-12-23',89),(2117,'2019-12-24',89),(2118,'2020-02-18',89),(2119,'2020-02-19',89),(2120,'2020-01-16',89),(2121,'2020-01-17',89),(2122,'2020-01-18',89),(2123,'2019-10-31',89),(2124,'2019-11-01',89),(2125,'2019-11-02',89),(2126,'2019-12-09',89),(2127,'2019-12-10',89),(2128,'2019-12-04',89),(2129,'2019-12-05',89),(2130,'2019-12-06',89),(2131,'2020-01-03',89),(2132,'2020-01-04',89),(2133,'2020-04-03',89),(2134,'2020-04-04',89),(2135,'2020-04-05',89),(2136,'2019-12-08',89),(2137,'2019-12-09',89),(2138,'2019-12-10',89),(2139,'2019-12-11',89),(2140,'2019-10-28',89),(2141,'2019-10-29',89),(2142,'2019-10-30',89),(2143,'2019-11-05',89),(2144,'2019-11-06',89),(2145,'2019-11-07',89),(2146,'2020-02-20',90),(2147,'2020-02-21',90),(2148,'2020-02-22',90),(2149,'2019-12-26',90),(2150,'2019-12-27',90),(2151,'2019-12-28',90),(2152,'2019-12-29',90),(2153,'2020-04-19',90),(2154,'2020-04-20',90),(2155,'2020-04-21',90),(2156,'2020-04-22',90),(2157,'2020-02-23',90),(2158,'2020-02-24',90),(2159,'2020-02-25',90),(2160,'2020-02-11',90),(2161,'2020-02-12',90),(2162,'2020-04-13',90),(2163,'2020-04-14',90),(2164,'2020-04-22',90),(2165,'2020-04-23',90),(2166,'2020-03-07',90),(2167,'2020-03-08',90),(2168,'2020-03-09',90),(2169,'2020-03-10',90),(2170,'2020-02-22',91),(2171,'2020-02-23',91),(2172,'2020-02-24',91),(2173,'2020-02-21',91),(2174,'2020-02-22',91),(2175,'2020-03-31',91),(2176,'2020-04-01',91),(2177,'2020-04-02',91),(2178,'2019-10-30',91),(2179,'2019-10-31',91),(2180,'2019-11-01',91),(2181,'2019-11-13',91),(2182,'2019-11-14',91),(2183,'2019-11-15',91),(2184,'2019-11-27',91),(2185,'2019-11-28',91),(2186,'2019-11-07',91),(2187,'2019-11-08',91),(2188,'2019-12-29',91),(2189,'2019-12-30',91),(2190,'2019-12-31',91),(2191,'2020-01-01',91),(2192,'2019-12-21',91),(2193,'2019-12-22',91),(2194,'2019-12-23',91),(2195,'2019-12-24',91),(2196,'2020-03-26',91),(2197,'2020-03-27',91),(2198,'2020-02-08',91),(2199,'2020-02-09',91),(2200,'2020-02-10',91),(2201,'2020-02-11',91),(2202,'2020-02-09',91),(2203,'2020-02-10',91),(2204,'2019-10-27',91),(2205,'2019-10-28',91),(2206,'2020-04-12',91),(2207,'2020-04-13',91),(2208,'2019-10-28',92),(2209,'2019-10-29',92),(2210,'2020-02-18',92),(2211,'2020-02-19',92),(2212,'2020-02-20',92),(2213,'2020-02-21',92),(2214,'2019-11-22',92),(2215,'2019-11-23',92),(2216,'2019-11-24',92),(2217,'2019-11-25',92),(2218,'2020-01-10',92),(2219,'2020-01-11',92),(2220,'2020-01-24',92),(2221,'2020-01-25',92),(2222,'2020-01-26',92),(2223,'2020-01-27',92),(2224,'2020-03-06',92),(2225,'2020-03-07',92),(2226,'2020-03-08',92),(2227,'2020-02-11',93),(2228,'2020-02-12',93),(2229,'2020-02-13',93),(2230,'2020-03-21',94),(2231,'2020-03-22',94),(2232,'2020-03-23',94),(2233,'2020-03-11',94),(2234,'2020-03-12',94),(2235,'2020-02-26',94),(2236,'2020-02-27',94),(2237,'2020-01-30',95),(2238,'2020-01-31',95),(2239,'2020-01-12',96),(2240,'2020-01-13',96),(2241,'2020-01-14',96),(2242,'2020-03-18',96),(2243,'2020-03-19',96),(2244,'2020-03-20',96),(2245,'2020-03-21',96),(2246,'2020-02-27',96),(2247,'2020-02-28',96),(2248,'2020-02-29',96),(2249,'2020-03-26',96),(2250,'2020-03-27',96),(2251,'2020-02-20',96),(2252,'2020-02-21',96),(2253,'2020-02-26',96),(2254,'2020-02-27',96),(2255,'2020-03-09',96),(2256,'2020-03-10',96),(2257,'2020-03-11',96),(2258,'2020-01-10',97),(2259,'2020-01-11',97),(2260,'2020-01-12',97),(2261,'2020-01-13',97),(2262,'2019-11-09',97),(2263,'2019-11-10',97),(2264,'2019-11-11',97),(2265,'2019-11-12',97),(2266,'2019-12-24',97),(2267,'2019-12-25',97),(2268,'2020-03-31',97),(2269,'2020-04-01',97),(2270,'2020-04-02',97),(2271,'2020-04-03',97),(2272,'2019-10-27',97),(2273,'2019-10-28',97),(2274,'2019-10-29',97),(2275,'2019-11-18',97),(2276,'2019-11-19',97),(2277,'2019-11-20',97),(2278,'2019-11-21',97),(2279,'2020-01-21',97),(2280,'2020-01-22',97),(2281,'2020-04-18',97),(2282,'2020-04-19',97),(2283,'2020-04-20',97),(2284,'2020-02-22',97),(2285,'2020-02-23',97),(2286,'2020-02-24',97),(2287,'2020-03-23',97),(2288,'2020-03-24',97),(2289,'2020-03-25',97),(2290,'2019-11-21',97),(2291,'2019-11-22',97),(2292,'2019-12-22',98),(2293,'2019-12-23',98),(2294,'2020-02-25',98),(2295,'2020-02-26',98),(2296,'2019-11-28',98),(2297,'2019-11-29',98),(2298,'2019-12-08',99),(2299,'2019-12-09',99),(2300,'2019-12-10',99),(2301,'2019-12-11',99),(2302,'2019-12-15',99),(2303,'2019-12-16',99),(2304,'2020-04-13',100),(2305,'2020-04-14',100),(2306,'2020-01-29',100),(2307,'2020-01-30',100),(2308,'2020-01-31',100),(2309,'2020-02-01',100),(2310,'2020-04-17',100),(2311,'2020-04-18',100),(2312,'2020-04-19',100),(2313,'2020-04-20',100),(2314,'2019-12-20',100),(2315,'2019-12-21',100),(2316,'2019-12-15',100),(2317,'2019-12-16',100),(2318,'2019-12-17',100),(2319,'2020-03-08',100),(2320,'2020-03-09',100),(2321,'2020-03-10',100),(2322,'2020-03-24',100),(2323,'2020-03-25',100),(2324,'2020-03-14',100),(2325,'2020-03-15',100),(2326,'2020-03-16',100),(2327,'2020-03-17',100),(2328,'2019-11-15',100),(2329,'2019-11-16',100),(2330,'2019-11-17',100),(2331,'2019-11-18',100),(2332,'2020-03-07',100),(2333,'2020-03-08',100);
/*!40000 ALTER TABLE `UnavailableDates` ENABLE KEYS */;
UNLOCK TABLES;
/*!40103 SET TIME_ZONE=@OLD_TIME_ZONE */;

/*!40101 SET SQL_MODE=@OLD_SQL_MODE */;
/*!40014 SET FOREIGN_KEY_CHECKS=@OLD_FOREIGN_KEY_CHECKS */;
/*!40014 SET UNIQUE_CHECKS=@OLD_UNIQUE_CHECKS */;
/*!40101 SET CHARACTER_SET_CLIENT=@OLD_CHARACTER_SET_CLIENT */;
/*!40101 SET CHARACTER_SET_RESULTS=@OLD_CHARACTER_SET_RESULTS */;
/*!40101 SET COLLATION_CONNECTION=@OLD_COLLATION_CONNECTION */;
/*!40111 SET SQL_NOTES=@OLD_SQL_NOTES */;

-- Dump completed on 2019-10-25 16:00:58
